id,meta_id,ev_id
1,1,353
2,2,539
5,5,569
7,6,951
8,6,954
13,7,363
14,7,364
15,8,706
16,8,712
17,9,742
19,10,743
21,11,668
22,11,671
23,11,674
25,13,694
26,14,649
27,15,652
28,15,653
32,19,837
34,20,838
35,21,580
36,22,721
37,22,842
38,23,359
39,24,863
40,25,919
42,27,597
44,28,967
45,29,502
47,30,512
49,31,974
51,31,976
52,31,977
57,34,982
59,36,986
62,39,633
64,41,1010
68,45,1096
69,45,1097
71,47,1140
72,48,1165
73,49,1270
77,50,498
78,51,506
79,51,978
80,51,979
82,52,564
83,52,959
84,53,956
85,54,747
86,55,643
87,8,711
88,56,1288
89,35,1287
90,58,1268
92,13,697
93,13,698
94,9,741
95,10,746
97,60,1356
99,62,1378
100,62,1375
101,63,1443
102,63,1444
104,65,1430
105,66,1514
106,67,1513
107,68,1325
108,69,1558
110,71,1795
111,72,1798
112,73,1402
113,74,1813
114,75,1822
115,76,1825
116,77,1826
117,78,1854
118,79,1859
119,80,1874
120,81,1905
121,82,1906
122,83,1879
123,84,1917
124,85,1972
125,85,1973
126,86,1974
127,85,1979
128,87,2014
129,88,2015
130,89,2016
131,90,1470
132,91,1475
133,92,1191
134,93,369
135,94,2264
136,95,2263
137,96,2391
138,97,2406
139,98,2433
140,98,2434
141,99,2439
142,100,2291
143,101,2519
144,102,2520
145,103,2542
146,104,2524
147,104,2525
148,105,2548
149,106,2549
150,107,2554
151,108,2555
152,109,2560
153,110,2561
154,111,2562
155,112,2565
157,114,2571
159,116,2577
161,118,2580
162,119,2581
163,119,2582
165,65,1429
166,71,2579
167,86,1977
168,121,2596
169,123,2712
170,31,975
171,124,2809
172,126,2945
173,127,2943
174,19,836
175,19,1296
176,131,3092
177,132,1752
178,133,3131
179,135,1582
180,136,1665
183,138,3104
184,138,3147
185,134,3143
186,139,3148
187,139,3149
188,140,3165
189,13,3176
190,37,3223
191,141,3224
192,141,3229
193,122,2637
194,122,2639
195,144,3237
196,144,3537
197,145,2908
198,145,2905
199,116,3538
200,147,3545
201,148,1054
202,149,3588
203,42,1053
204,152,3643
205,155,3723
206,155,3724
207,6,3774
208,164,3815
209,164,3817
210,163,3810
211,162,3804
212,162,3805
213,162,3819
214,162,3826
215,165,3924
216,166,3954
217,168,3967
218,167,3964
219,169,504
220,170,1404
221,171,1078
222,172,3972
223,125,2842
224,143,3282
225,153,3739
226,174,3998
227,174,3999
228,175,4004
229,175,4025
230,176,4011
231,180,4091
232,180,4093
233,180,4094
234,181,4095
235,182,4189
236,184,4202
237,179,4092
238,183,4195
239,154,3749
240,185,4225
241,186,4321
242,188,4358
243,189,4360
244,189,4361
245,189,4368
246,190,4486
247,194,4604
248,194,4619
451,372,4733
452,373,4914
453,374,4943
454,375,5322
455,375,5325
456,375,8124
457,376,4938
458,376,5330
459,377,4742
460,377,4743
461,378,5078
462,378,5084
463,378,5083
464,379,5114
465,379,5113
466,380,5119
467,381,5115
468,381,5118
469,382,5041
470,382,5044
471,382,5047
472,383,5066
473,383,5069
474,383,5070
475,383,7529
476,384,5022
477,385,5025
478,385,5026
479,386,5208
480,386,5207
481,386,5661
482,387,5209
483,388,5016
484,389,4954
485,390,5093
486,390,5213
487,391,4738
488,392,5234
489,393,5290
490,394,4971
491,395,5338
492,396,4877
493,397,4887
494,398,4874
495,399,5345
496,399,5347
497,399,5348
498,399,5346
499,400,4881
500,400,5349
501,400,5350
502,401,5353
503,402,5652
504,403,5357
505,404,7576
506,406,5007
507,407,5381
508,408,5422
509,409,5423
510,410,5464
511,410,5465
512,411,5507
513,412,5531
514,413,5635
515,414,5633
516,415,5327
517,416,5653
518,418,5720
519,419,5742
520,419,5739
521,420,5806
522,420,5807
523,421,5793
524,421,5792
525,422,5877
526,423,5876
528,425,5921
529,426,6157
530,426,6935
531,427,6160
532,428,5765
533,429,6175
534,430,6184
535,431,6187
536,432,6188
537,433,6216
538,434,6221
539,435,6236
540,436,6267
541,437,6268
542,438,6241
543,439,6279
544,440,6334
545,440,6335
546,440,6341
547,441,6336
548,441,6339
549,442,6372
550,443,6373
551,444,6374
552,445,5833
553,446,5838
554,447,5557
555,448,4748
556,449,6621
557,450,6620
558,451,6748
559,452,6763
560,453,6790
561,453,6791
562,454,6796
563,455,6648
564,456,6875
565,457,6876
566,458,6898
567,459,6880
568,459,6881
570,461,6905
571,462,6910
572,463,6911
573,464,6916
574,465,6917
575,466,6918
576,467,6921
577,468,6927
578,469,6933
579,469,7889
581,471,6937
582,471,6938
583,472,6951
584,473,6992
585,473,6994
586,474,7067
587,475,7164
589,477,7299
590,478,7297
591,482,7446
592,483,6115
593,484,7485
594,485,7496
595,486,5945
596,487,6028
597,488,7458
598,488,7500
599,489,7501
600,489,7502
601,490,7518
602,491,7577
603,491,7582
604,493,7635
605,494,7590
606,494,7888
607,495,7263
608,495,7260
609,497,7896
610,498,7939
611,501,7994
612,502,8089
613,503,8099
614,504,8073
615,504,8074
616,510,8154
617,510,8155
618,510,8169
619,510,8176
620,511,8160
621,512,8165
622,512,8167
623,513,8274
624,514,8304
626,516,8317
627,517,4879
628,518,5767
629,519,5446
630,520,8322
631,522,8348
632,522,8349
633,523,8354
634,523,8375
636,527,8442
637,528,8441
638,528,8443
639,528,8444
640,529,8445
641,530,8538
642,531,8544
643,532,8551
644,533,8574
645,534,8670
646,536,8707
647,537,8709
648,537,8710
649,537,8717
651,542,8952
652,542,8967
653,544,8989
654,544,8996
655,544,9020
656,545,9001
657,539,8844
658,539,8885
659,540,8865
660,541,8921
661,541,8909
662,541,8926
663,543,8969
664,534,8693
665,534,8694
666,535,8690
667,525,8381
668,525,8383
669,507,8127
670,507,8131
671,507,8133
672,507,8134
673,512,8172
674,500,8001
675,499,7982
676,537,8733
677,492,7645
678,496,7905
679,509,8142
680,521,9055
681,521,6175
682,545,8985
683,530,8552
684,530,8518
685,530,8522
686,545,9015
687,542,8956
688,542,8957
689,541,8888
690,541,8910
691,541,8889
692,540,8853
693,540,8875
694,540,8873
695,540,8866
696,540,8839
697,536,8705
698,536,8732
699,536,8702
700,536,8701
701,536,8713
702,535,8692
703,513,8261
704,513,8263
705,513,8275
706,513,8258
707,513,8259
708,511,8156
709,511,8166
710,511,8157
711,511,8164
712,500,7990
713,500,7986
714,500,8007
715,500,8012
716,499,7953
717,499,7967
718,496,7915
719,496,7916
720,490,7517
721,489,9056
722,487,6006
723,486,5930
724,486,5947
725,483,4777
726,483,4779
727,477,7298
728,481,7396
729,503,8085
730,546,8888
731,546,8910
732,546,8889
733,546,8909
734,546,8926
735,537,8732
736,537,8713
737,548,8110
738,548,8118
739,548,8119
740,460,9067
741,522,9068
742,522,9069
743,539,9070
744,544,9071
745,543,9072
746,549,9106
747,550,9287
748,551,9316
749,552,9695
750,552,9698
751,552,12481
752,553,9311
753,553,9703
754,554,9115
755,554,9116
756,555,9451
757,555,9457
758,555,9456
759,556,9487
760,556,9486
761,557,9492
762,558,9488
763,558,9491
764,559,9414
765,559,9417
766,559,9420
767,560,9439
768,560,9442
769,560,9443
770,560,11888
771,561,9395
772,562,9398
773,562,9399
774,563,9581
775,563,9580
776,563,10028
777,564,9582
778,565,9389
779,566,9327
780,567,9466
781,567,9586
782,568,9111
783,569,9607
784,570,12499
785,571,9663
786,572,9344
787,573,9711
788,574,9250
789,575,9260
790,576,9247
791,577,9718
792,577,9720
793,577,9721
794,577,9719
795,578,9254
796,578,9722
797,578,9723
798,579,9726
799,580,10019
800,581,9730
801,582,11935
802,584,9380
803,585,9754
804,586,9795
805,587,9796
806,588,9835
807,588,9836
808,589,9878
809,590,9902
810,591,10002
811,592,10000
812,593,9700
813,594,10020
814,596,10087
815,597,10109
816,597,10106
817,598,10172
818,598,10173
819,599,10159
820,599,10158
821,600,10242
822,601,10241
823,602,10286
824,603,10519
825,603,11295
826,604,10522
827,605,10132
828,606,10537
829,607,10546
830,608,10549
831,609,10550
832,610,10578
833,611,10583
834,612,10598
835,613,10628
836,614,10629
837,615,10603
838,616,10640
839,617,10695
840,617,10696
841,617,10702
842,618,10697
843,618,10700
847,622,10198
848,623,10203
849,624,9928
850,625,9121
851,626,10982
852,627,10981
853,628,11109
854,629,11124
855,630,11151
856,630,11152
857,631,11157
858,632,11009
859,633,11236
860,634,11237
861,635,11259
862,636,11241
863,636,11242
864,637,13421
865,638,11265
866,639,11270
867,640,11271
868,641,11276
869,642,11277
870,643,11278
871,644,11281
872,645,11287
873,646,11293
874,646,12247
875,647,11297
876,647,11298
878,649,11352
879,649,11354
880,650,11427
881,651,11523
882,652,11658
883,652,11657
884,653,11656
885,655,11755
886,656,11805
887,657,10480
888,657,9150
889,657,9152
890,658,11844
891,659,11855
892,660,10310
893,660,10295
894,660,10312
895,661,10393
896,661,10371
897,662,11817
898,662,11859
899,663,11860
900,663,11861
901,663,13410
902,664,11877
903,664,11876
904,665,11936
905,665,11941
906,666,12004
907,667,11994
908,668,11949
909,668,12246
910,669,11622
911,669,11619
912,670,12263
913,670,12273
914,670,12274
915,671,12254
916,672,12297
917,673,12340
918,673,12311
919,673,12325
920,674,12359
921,674,12348
922,674,12344
923,674,12365
924,674,12370
925,675,12352
926,676,12446
927,677,12456
928,677,12442
929,678,12431
930,678,12432
931,681,12484
932,681,12488
933,681,12490
934,681,12491
935,683,12511
936,683,12512
937,683,12526
938,683,12533
939,684,12517
940,684,12513
941,684,12523
942,684,12514
943,684,12521
944,685,12522
945,685,12524
946,685,12529
947,686,12631
948,686,12618
949,686,12620
950,686,12632
951,686,12615
952,686,12616
953,687,12661
954,688,12674
955,689,9252
956,690,10134
957,691,9818
958,692,12679
959,693,13409
960,693,10537
961,694,12705
962,694,12706
963,694,13422
964,694,13423
965,695,12711
966,695,12732
967,696,12738
968,696,12740
969,698,12799
970,699,12798
971,699,12800
972,699,12801
973,700,12802
974,701,12894
975,701,12908
976,701,12874
977,701,12878
978,702,12900
979,703,12907
980,704,12930
981,705,13024
982,705,13047
983,705,13048
984,706,13044
985,706,13046
986,707,13061
987,707,13059
988,707,13086
989,707,13056
990,707,13055
991,707,13067
992,708,13063
993,708,13064
994,708,13071
995,708,13087
996,708,13086
997,708,13067
998,709,13198
999,709,13239
1000,709,13424
1001,710,13219
1002,710,13207
1003,710,13229
1004,710,13227
1005,710,13220
1006,710,13193
1007,711,13275
1008,711,13263
1009,711,13280
1010,711,13242
1011,711,13264
1012,711,13243
1013,712,13306
1014,712,13321
1015,712,13310
1016,712,13311
1017,713,13323
1018,713,13426
1019,714,13343
1020,714,13350
1021,714,13374
1022,714,13425
1023,715,13355
1024,715,13339
1025,715,13369
1026,716,13242
1027,716,13264
1028,716,13243
1029,716,13263
1030,716,13280
1031,717,12467
1032,717,12475
1033,717,12476
