id,name,item_id,code_id,created,created_by
1,Tagging System,1,3,1727790339936,1
2,Session Bar,1,3,1727798635822,1
4,Post-It Notes,8,3,1729697081835,1
5,group 2,8,3,1729697339683,1
6,Blueprint,57,3,1729700618196,1
7,Suspicion Markers,12,3,1729701124853,1
8,group 1,13,3,1729701572340,1
9,Bookmarks,13,3,1729701739877,1
10,Translation Tracker,44,3,1729702168832,1
12,Filling the Gaps,10,3,1729702781433,1
13,Tagging System,21,3,1729702884664,1
14,Plant & Document Shelves,21,3,1729702994339,1
16,Memo Overlay,23,3,1729869749864,1
17,group 1,27,3,1729870093681,1
18,Workspace Customization,26,3,1729870740515,1
19,Custom Location Marker,30,3,1729873411719,1
20,Placeholders,48,3,1729874284496,1
21,Blueprint,50,3,1729885014038,1
22,Blueprint,49,3,1729931704569,1
24,Filling the Gaps,7,3,1730019420420,1
25,Stamps,29,3,1730019660237,1
26,Text Chat,52,3,1730020825088,1
27,group 2,52,3,1730021971250,1
28,group 3,52,3,1730022803218,1
31,Board Overlay,203,3,1730047826532,4
32,Blueprint,198,3,1730048845527,4
33,Custom Location Marker,58,3,1730061443884,2
34,Books,53,3,1730061637886,2
35,Place Block As Marker,53,3,1730061765099,2
36,Signs,53,3,1730061906674,2
38,Assisted Targetting Action Queue,210,3,1730067664449,4
39,group 1,66,3,1730128224252,2
42,(Almost) Free Map Drawing,209,3,1730152532868,4
44,Save Screenshot,393,3,1730206384943,2
45,Mark enemies,229,3,1730231764691,2
46,group 1,403,3,1730365198973,1
47,Trackers,8,3,1730645436550,1
48,Desktop Customization,29,3,1730647412371,1
49,Player Messages,139,3,1730647892623,2
51,Mark cells,405,3,1730889933813,2
52,Custom Location Marker,37,3,1730890200458,1
53,Camera,396,3,1730903738323,1
55,Camera,399,3,1730985119338,1
56,Pin Recipes,360,3,1730989194598,2
57,Automate minions,360,3,1730994321689,2
58,Action Queue,54,3,1731003805272,1
59,Premove Queue,203,3,1731004709486,4
61,Favorites Quick Access,45,3,1731247174774,1
62,Customizable Hotbar,52,3,1731247641633,1
63,Control Groups,59,3,1731247798698,1
64,Control Groups,60,3,1731248701712,1
65,Control Groups,52,3,1731248923234,1
66,Inventory Customization,53,3,1731249526192,1
67,Customizable Hotbar,53,3,1731249607173,1
68,Inventory Customization,82,3,1731251510672,1
69,Custom Location Marker,82,3,1731251599794,1
70,Inventory Customization,117,3,1731253019368,1
71,Inventory Customization,187,3,1731254600412,1
72,Customizable Hotbar,187,3,1731254645887,1
73,Customizable Hotbar,117,3,1731255887408,1
74,Customizable Hotbar,82,3,1731255999431,1
75,Inventory Customization,413,3,1731314588174,1
76,Customizable Hotbar,413,3,1731314686209,1
77,Customizable Hotbar,323,3,1731338946606,1
78,Customizable Hotbar,58,3,1731339031258,1
79,Customizable Hotbar,354,3,1731339071020,1
80,Notepad,11,3,1731444712748,1
81,Filling the Gaps,11,3,1731444819929,1
82,Favorites,31,3,1731444925313,1
83,Custom Location Tags,57,3,1731594922559,1
84,group 1,175,3,1731694596865,1
85,Customizable Hotbar,261,3,1731760610384,2
86,Mini Blueprint,293,3,1731763672549,1
87,Room Templates,293,3,1731763861687,1
88,Inventory Customization,261,3,1731764627023,2
89,Automation,416,3,1731770027204,2
90,Customizable Hotbar,394,3,1731837249095,1
91,Customizable Hotbar,386,3,1731837496006,1
92,Custom Location Markers,353,3,1731839346277,1
93,Customizable Hotbar,353,3,1731839379877,1
94,Customizable Quick Acess,350,3,1731841164285,1
95,Customizable Hotbar,161,3,1731841479370,1
96,Customizable Hotbar,68,3,1731841665025,1
97,Customizable Hotbar,69,3,1731841804172,1
98,Customizable Quick Access,147,3,1731842008817,1
99,Customizable Hotbar,139,3,1731842123463,1
100,Customizable Quick Acess,243,3,1731842280510,1
101,Customizable Hotbar,70,3,1731842619603,1
103,Customizable Quick Access,65,3,1731842909992,1
105,Customizable Quick Acess,108,3,1731843177718,1
106,Customizable Quick Access,155,3,1731843708625,1
107,Customizable Quick Access,403,3,1731844048751,1
109,Coaster Templates,83,3,1731878036212,2
110,Todo,127,3,1731923863727,2
111,Inventory management,166,3,1731939093425,2
112,Inventory Customization,254,3,1731968359822,1
113,TODO quickaccess???,333,3,1732029889001,2
114,TODO spell casting,374,3,1732101945438,2
115,inventory TODO,374,3,1732111279887,2
116,Window Placement,64,3,1732132881406,1
117,Action Rewind,164,3,1732133270602,2
118,TODO,202,3,1732199682615,2
119,Location Marker,45,3,1732212698867,1
120,Location Marker,135,3,1732213545807,1
121,Customizable Hotbar,214,3,1732215738546,1
122,TODO choose skills,382,3,1732215876120,2
123,TODO,230,3,1732219689042,2
124,TODO,232,3,1732219765975,2
126,TODO Inventory management,382,3,1732220594451,2
127,Custom Location Marker,336,3,1732221027062,1
128,Location Marker,114,3,1732222815651,1
129,Chest Colors,117,3,1732267665006,1
130,todo inventory,299,3,1732276458137,2
131,todo quick access,299,3,1732276903049,2
132,Customizable Hotbar,263,3,1732494256278,2
133,Machine Template,248,3,1732537700171,1
134,Place symbol,227,3,1732548298840,2
135,Marker,227,3,1732548946531,2
136,Create Templates,51,3,1732554882733,1
137,waypoint,236,3,1732564847280,2
138,waypoint,272,3,1732569545375,2
139,quick access,272,3,1732571719060,2
140,place ingame marker ???,324,3,1732618885134,2
141,Control Groups,324,3,1732619435021,2
142,Hotbar and Radial Quick Access,347,3,1732619787090,1
143,configure quickaccess,61,3,1732621385753,2
144,quickaccess,136,3,1732621419341,2
145,quickaccess,270,3,1732636456840,2
146,Window Placement,83,3,1732651652260,2
147,COPY PASTE TEMPLATE,50,3,1732653074174,2
149,Quickaccess,279,3,1732705871353,2
150,Map marker,279,3,1732706250099,2
151,Choose Quest,279,3,1732706807665,2
152,place waypoint,268,3,1732738787618,2
153,waypoints,273,3,1732745398188,2
154,TODO QUEUE,273,3,1732745953297,2
155,Hotkeys for units,273,3,1732746395179,2
156,Map Drawing,52,3,1732747864653,1
157,Waypoints,59,3,1732749078606,1
158,Waypoints,389,3,1732749153342,1
159,Custom Formations,413,3,1732749604946,1
160,Waypoints,60,3,1732750035272,1
161,quickacess,309,3,1732808301001,2
162,quickaccess,306,3,1732812934642,2
163,Quick Travel TODO,306,3,1732813200962,2
164,Questtracker,306,3,1732814155979,2
165,Quickaccess,168,3,1732827046553,2
166,Controlgroups,322,3,1732830023153,2
167,Location Marker,191,3,1732830623611,1
168,Map Marker,191,3,1732830793346,1
169,add waypoint,285,3,1732960452749,2
170,quickaccess,285,3,1732961046179,2
171,Choose Mission,285,3,1732961471609,2
172,Mark Enemies,185,3,1732970984671,2
173,quick access,334,3,1732985872937,2
174,waypoint,334,3,1732997582673,2
175,waypoint,296,3,1733000355109,2
176,Choosing a Quest,296,3,1733000440054,2
177,Queue,335,3,1733069461105,2
178,Quickaccess Wheel,226,3,1733086466258,2
179,Waypoint,226,3,1733088486655,2
180,Track quest,338,3,1733094908564,2
181,Waypoint,116,3,1733157474347,2
182,Favorite Items,116,3,1733157641895,2
183,Quickaccess Wheel,252,3,1733170925264,2
184,place marker,252,3,1733172263718,2
351,Tagging System,1,4,1727790339936,1
352,Session Bar,1,4,1727798635822,1
353,Post-It Notes,8,4,1729697081835,1
354,Evidence Boards,8,4,1729697339683,1
355,Blueprint,57,4,1729700618196,1
356,Suspicion Markers,12,4,1729701124853,1
357,Tagging,13,4,1729701572340,1
358,Bookmarks,13,4,1729701739877,1
359,Translation Tracker,44,4,1729702168832,1
360,Filling the Gaps,10,4,1729702781433,1
361,Tagging System,21,4,1729702884664,1
362,Plant & Document Shelves,21,4,1729702994339,1
363,Memo Overlay,23,4,1729869749864,1
364,Evidence Boards,27,4,1729870093681,1
365,Workspace Customization,26,4,1729870740515,1
366,Location Marker,30,4,1729873411719,1
367,Placeholders,48,4,1729874284496,1
368,Blueprint,50,4,1729885014038,1
369,Blueprint,49,4,1729931704569,1
370,Filling the Gaps,7,4,1730019420420,1
371,Stamps,29,4,1730019660237,1
372,Text Chat,52,4,1730020825088,1
373,Queues,52,4,1730021971250,1
374,Pings,52,4,1730022803218,1
375,Board Overlay,203,4,1730047826532,4
376,Blueprint,198,4,1730048845527,4
377,Location Marker,58,4,1730061443884,2
378,Books,53,4,1730061637886,2
379,Place Block As Marker,53,4,1730061765099,2
380,Signs,53,4,1730061906674,2
381,Assisted Targetting Action Queue,210,4,1730067664449,4
382,Templates,66,4,1730128224252,2
383,Map Creation,209,4,1730152532868,4
384,Save Screenshot,393,4,1730206384943,2
385,Mark Enemies,229,4,1730231764691,2
386,Storage Box,403,4,1730365198973,1
387,Trackers,8,4,1730645436550,1
388,Desktop Customization,29,4,1730647412371,1
389,Player Messages,139,4,1730647892623,2
390,Mark cells,405,4,1730889933813,2
391,Location Marker,37,4,1730890200458,1
392,Camera,396,4,1730903738323,1
393,Camera,399,4,1730985119338,1
394,Pin Recipes,360,4,1730989194598,2
395,Automate Minions,360,4,1730994321689,2
397,Premove Queue,203,4,1731004709486,4
398,Favorites Quick Access,45,4,1731247174774,1
399,Quick Access Slots,52,4,1731247641633,1
400,Control Groups,59,4,1731247798698,1
401,Control Groups,60,4,1731248701712,1
402,Control Groups,52,4,1731248923234,1
404,Inventory Management,53,4,1731249607173,1
405,Inventory Management,82,4,1731251510672,1
406,Location Marker,82,4,1731251599794,1
407,Inventory Management,117,4,1731253019368,1
408,Inventory Management,187,4,1731254600412,1
409,Quick Access Slots,187,4,1731254645887,1
410,Quick Access Slots,117,4,1731255887408,1
411,Quick Access Slots,82,4,1731255999431,1
412,Inventory Management,413,4,1731314588174,1
413,Quick Access Slots,413,4,1731314686209,1
414,Quick Access Slots,323,4,1731338946606,1
415,Quick Access Slots,58,4,1731339031258,1
416,Quick Access Slots,354,4,1731339071020,1
417,Notepad,11,4,1731444712748,1
418,Filling the Gaps,11,4,1731444819929,1
419,Favorites,31,4,1731444925313,1
420,Tagging System,57,4,1731594922559,1
421,Camera,175,4,1731694596865,1
422,Quick Access Slots,261,4,1731760610384,2
423,Mini Blueprint,293,4,1731763672549,1
424,Room Templates,293,4,1731763861687,1
425,Inventory Management,261,4,1731764627023,2
426,Automation,416,4,1731770027204,2
427,Quick Access Slots,394,4,1731837249095,1
428,Quick Access Slots,386,4,1731837496006,1
429,Location Markers,353,4,1731839346277,1
430,Quick Access Slots,353,4,1731839379877,1
431,Quick Access Slots,350,4,1731841164285,1
432,Quick Access Slots,161,4,1731841479370,1
433,Quick Access Slots,68,4,1731841665025,1
434,Quick Access Slots,69,4,1731841804172,1
435,Quick Access Slots,147,4,1731842008817,1
436,Quick Access Slots,139,4,1731842123463,1
437,Quick Access Slots,243,4,1731842280510,1
438,Quick Access Slots,70,4,1731842619603,1
439,Quick Access Slots,65,4,1731842909992,1
440,Quick Access Slots,108,4,1731843177718,1
442,Quick Access Slots,403,4,1731844048751,1
443,Coaster Templates,83,4,1731878036212,2
444,Quick Access Slots,127,4,1731923863727,2
445,Inventory Management,166,4,1731939093425,2
446,Inventory Management,254,4,1731968359822,1
448,Spell Pre-Cast,374,4,1732101945438,2
449,Inventory Management,374,4,1732111279887,2
450,Window Placement,64,4,1732132881406,1
452,Placeholder,202,4,1732199682615,2
453,Location Marker,45,4,1732212698867,1
454,Location Marker,135,4,1732213545807,1
455,Quick Access Slots,214,4,1732215738546,1
456,Quick Access Slots,382,4,1732215876120,2
457,Location Marker,230,4,1732219689042,2
458,Location Marker,232,4,1732219765975,2
459,Inventory Management,382,4,1732220594451,2
460,Location Marker,336,4,1732221027062,1
461,Location Marker,114,4,1732222815651,1
462,Chest Colors,117,4,1732267665006,1
463,Inventory Management,299,4,1732276458137,2
464,Quick Access Slots,299,4,1732276903049,2
465,Quick Access Slots,263,4,1732494256278,2
466,Machine Template,248,4,1732537700171,1
467,Location Marker,227,4,1732548298840,2
468,Mark Enemies,227,4,1732548946531,2
469,Create Templates,51,4,1732554882733,1
470,Location Marker,236,4,1732564847280,2
471,Location Marker,272,4,1732569545375,2
472,Quick Access Slots,272,4,1732571719060,2
473,Action Queues,324,4,1732618885134,2
474,Control Groups,324,4,1732619435021,2
475,Quick Access Slots,347,4,1732619787090,1
476,Quick Access Slots,61,4,1732621385753,2
477,Quick Access Slots,136,4,1732621419341,2
478,Quick Access Slots,270,4,1732636456840,2
479,Window Placement,83,4,1732651652260,2
481,Quick Access Slots,279,4,1732705871353,2
482,Map Marker,279,4,1732706250099,2
483,Quest Tracker,279,4,1732706807665,2
484,Location Marker,268,4,1732738787618,2
485,Action Queues,273,4,1732745398188,2
487,Control Groups,273,4,1732746395179,2
488,Map Drawing,52,4,1732747864653,1
489,Action Queues,59,4,1732749078606,1
490,Action Queues,389,4,1732749153342,1
491,Custom Formations,413,4,1732749604946,1
492,Action Queues,60,4,1732750035272,1
493,Quick Access Slots,309,4,1732808301001,2
494,Quick Access Slots,306,4,1732812934642,2
496,Quest Tracker,306,4,1732814155979,2
497,Quick Access Slots,168,4,1732827046553,2
498,Control Groups,322,4,1732830023153,2
499,Location Marker,191,4,1732830623611,1
500,Map Marker,191,4,1732830793346,1
501,Location Marker,285,4,1732960452749,2
502,Quick Access Slots,285,4,1732961046179,2
503,Quest Tracker,285,4,1732961471609,2
504,Mark Enemies,185,4,1732970984671,2
505,Quick Access Slots,334,4,1732985872937,2
506,Location Marker,334,4,1732997582673,2
507,Location Marker,296,4,1733000355109,2
508,Quest Tracker,296,4,1733000440054,2
510,Quick Access Slots,226,4,1733086466258,2
511,Location Marker,226,4,1733088486655,2
512,Location Marker,338,4,1733094908564,2
513,Location Marker,116,4,1733157474347,2
514,Favorites Quick Access,116,4,1733157641895,2
515,Quick Access Slots,252,4,1733170925264,2
516,Location Marker,252,4,1733172263718,2
517,Quest Tracker,338,4,1733331696987,2
519,Player Messages,270,4,1733361108337,2
520,Tagging System,1,5,1738217059799,1
521,Session Bar,1,5,1738217059799,1
522,Post-It Notes,8,5,1738217059799,1
523,Evidence Boards,8,5,1738217059799,1
524,Blueprint,57,5,1738217059799,1
525,Suspicion Markers,12,5,1738217059799,1
526,Tagging,13,5,1738217059799,1
527,Bookmarks,13,5,1738217059799,1
528,Translation Tracker,44,5,1738217059799,1
529,Filling the Gaps,10,5,1738217059799,1
530,Tagging System,21,5,1738217059799,1
531,Plant & Document Shelves,21,5,1738217059799,1
532,Memo Overlay,23,5,1738217059799,1
533,Evidence Boards,27,5,1738217059799,1
534,Workspace Customization,26,5,1738217059799,1
535,Location Marker,30,5,1738217059799,1
536,Placeholders,48,5,1738217059799,1
537,Blueprint,50,5,1738217059799,1
538,Blueprint,49,5,1738217059799,1
539,Filling the Gaps,7,5,1738217059799,1
540,Stamps,29,5,1738217059799,1
541,Text Chat,52,5,1738217059799,1
542,Queues,52,5,1738217059799,1
543,Pings,52,5,1738217059799,1
544,Board Overlay,203,5,1738217059799,4
545,Blueprint,198,5,1738217059799,4
546,Location Marker,58,5,1738217059799,2
547,Books,53,5,1738217059799,2
548,Place Block As Marker,53,5,1738217059799,2
549,Signs,53,5,1738217059799,2
550,Assisted Targetting Action Queue,210,5,1738217059799,4
551,Templates,66,5,1738217059799,2
552,Map Creation,209,5,1738217059799,4
553,Save Screenshot,393,5,1738217059799,2
554,Mark Enemies,229,5,1738217059799,2
555,Storage Box,403,5,1738217059799,1
556,Trackers,8,5,1738217059799,1
557,Desktop Customization,29,5,1738217059799,1
558,Player Messages,139,5,1738217059799,2
559,Mark cells,405,5,1738217059799,2
560,Location Marker,37,5,1738217059799,1
561,Camera,396,5,1738217059799,1
562,Camera,399,5,1738217059799,1
563,Pin Recipes,360,5,1738217059799,2
564,Automate Minions,360,5,1738217059799,2
565,Premove Queue,203,5,1738217059799,4
566,Favorites Quick Access,45,5,1738217059799,1
567,Quick Access Slots,52,5,1738217059799,1
568,Control Groups,59,5,1738217059799,1
569,Control Groups,60,5,1738217059799,1
570,Control Groups,52,5,1738217059799,1
571,Inventory Management,53,5,1738217059799,1
572,Inventory Management,82,5,1738217059799,1
573,Location Marker,82,5,1738217059799,1
574,Inventory Management,117,5,1738217059799,1
575,Inventory Management,187,5,1738217059799,1
576,Quick Access Slots,187,5,1738217059799,1
577,Quick Access Slots,117,5,1738217059799,1
578,Quick Access Slots,82,5,1738217059799,1
579,Inventory Management,413,5,1738217059799,1
580,Quick Access Slots,413,5,1738217059799,1
581,Quick Access Slots,323,5,1738217059799,1
582,Quick Access Slots,58,5,1738217059799,1
583,Quick Access Slots,354,5,1738217059799,1
584,Notepad,11,5,1738217059799,1
585,Filling the Gaps,11,5,1738217059799,1
586,Favorites,31,5,1738217059799,1
587,Tagging System,57,5,1738217059799,1
588,Camera,175,5,1738217059799,1
589,Quick Access Slots,261,5,1738217059799,2
590,Mini Blueprint,293,5,1738217059799,1
591,Room Templates,293,5,1738217059799,1
592,Inventory Management,261,5,1738217059799,2
593,Automation,416,5,1738217059799,2
594,Quick Access Slots,394,5,1738217059799,1
595,Quick Access Slots,386,5,1738217059799,1
596,Location Markers,353,5,1738217059799,1
597,Quick Access Slots,353,5,1738217059799,1
598,Quick Access Slots,350,5,1738217059799,1
599,Quick Access Slots,161,5,1738217059799,1
600,Quick Access Slots,68,5,1738217059799,1
601,Quick Access Slots,69,5,1738217059799,1
602,Quick Access Slots,147,5,1738217059799,1
603,Quick Access Slots,139,5,1738217059799,1
604,Quick Access Slots,243,5,1738217059799,1
605,Quick Access Slots,70,5,1738217059799,1
606,Quick Access Slots,65,5,1738217059799,1
607,Quick Access Slots,108,5,1738217059799,1
608,Quick Access Slots,403,5,1738217059799,1
609,Coaster Templates,83,5,1738217059799,2
610,Quick Access Slots,127,5,1738217059799,2
611,Inventory Management,166,5,1738217059799,2
612,Inventory Management,254,5,1738217059799,1
613,Spell Pre-Cast,374,5,1738217059799,2
614,Inventory Management,374,5,1738217059799,2
615,Window Placement,64,5,1738217059799,1
616,Placeholder,202,5,1738217059799,2
617,Location Marker,45,5,1738217059799,1
618,Location Marker,135,5,1738217059799,1
619,Quick Access Slots,214,5,1738217059799,1
620,Quick Access Slots,382,5,1738217059799,2
621,Location Marker,230,5,1738217059799,2
622,Location Marker,232,5,1738217059799,2
623,Inventory Management,382,5,1738217059799,2
624,Location Marker,336,5,1738217059799,1
625,Location Marker,114,5,1738217059799,1
626,Chest Colors,117,5,1738217059799,1
627,Inventory Management,299,5,1738217059799,2
628,Quick Access Slots,299,5,1738217059799,2
629,Quick Access Slots,263,5,1738217059799,2
630,Machine Template,248,5,1738217059799,1
631,Location Marker,227,5,1738217059799,2
632,Mark Enemies,227,5,1738217059799,2
633,Create Templates,51,5,1738217059799,1
634,Location Marker,236,5,1738217059799,2
635,Location Marker,272,5,1738217059799,2
636,Quick Access Slots,272,5,1738217059799,2
637,Action Queues,324,5,1738217059799,2
638,Control Groups,324,5,1738217059799,2
639,Quick Access Slots,347,5,1738217059799,1
640,Quick Access Slots,61,5,1738217059799,2
641,Quick Access Slots,136,5,1738217059799,2
642,Quick Access Slots,270,5,1738217059799,2
643,Window Placement,83,5,1738217059799,2
644,Quick Access Slots,279,5,1738217059799,2
645,Map Marker,279,5,1738217059799,2
646,Quest Tracker,279,5,1738217059799,2
647,Location Marker,268,5,1738217059799,2
648,Action Queues,273,5,1738217059799,2
649,Control Groups,273,5,1738217059799,2
650,Map Drawing,52,5,1738217059799,1
651,Action Queues,59,5,1738217059799,1
652,Action Queues,389,5,1738217059799,1
653,Custom Formations,413,5,1738217059799,1
654,Action Queues,60,5,1738217059799,1
655,Quick Access Slots,309,5,1738217059799,2
656,Quick Access Slots,306,5,1738217059799,2
657,Quest Tracker,306,5,1738217059799,2
658,Quick Access Slots,168,5,1738217059799,2
659,Control Groups,322,5,1738217059799,2
660,Location Marker,191,5,1738217059799,1
661,Map Marker,191,5,1738217059799,1
662,Location Marker,285,5,1738217059799,2
663,Quick Access Slots,285,5,1738217059799,2
664,Quest Tracker,285,5,1738217059799,2
665,Mark Enemies,185,5,1738217059799,2
666,Quick Access Slots,334,5,1738217059799,2
667,Location Marker,334,5,1738217059799,2
668,Location Marker,296,5,1738217059799,2
669,Quest Tracker,296,5,1738217059799,2
670,Quick Access Slots,226,5,1738217059799,2
671,Location Marker,226,5,1738217059799,2
672,Location Marker,338,5,1738217059799,2
673,Location Marker,116,5,1738217059799,2
674,Favorites Quick Access,116,5,1738217059799,2
675,Quick Access Slots,252,5,1738217059799,2
676,Location Marker,252,5,1738217059799,2
677,Quest Tracker,338,5,1738217059799,2
678,Player Messages,270,5,1738217059799,2
