id,meta_id,cat_id
70,1,22
73,1,6
76,1,24
79,2,9
82,2,25
96,5,22
99,5,6
100,5,15
102,5,24
114,7,20
121,8,21
124,8,6
128,9,22
131,9,6
134,9,24
138,10,9
139,10,6
144,11,22
148,11,6
150,11,24
158,13,20
161,13,6
165,14,22
168,14,6
171,14,24
201,19,24
205,20,20
208,20,6
213,21,20
216,21,25
227,22,21
229,22,6
231,22,25
233,23,21
239,24,20
241,24,6
246,25,20
254,6,20
258,6,6
275,27,21
282,28,20
283,28,9
284,28,6
286,28,25
288,29,22
290,29,10
291,29,7
293,29,15
294,29,24
297,30,21
300,30,7
318,31,10
319,31,21
320,31,5
322,31,15
357,34,20
360,34,7
365,35,20
367,35,6
375,36,25
377,37,22
381,37,6
382,37,15
383,37,14
384,37,24
393,39,22
394,39,10
395,39,6
396,39,15
397,39,24
400,38,10
401,38,6
413,41,7
414,41,14
415,41,25
418,42,9
419,42,6
421,42,25
452,45,22
453,45,9
454,45,6
456,45,24
470,48,21
472,48,6
474,48,25
477,49,22
478,49,9
479,49,6
481,49,24
484,15,20
486,15,6
498,47,6
500,47,22
501,1,28
502,2,38
503,1,40
504,2,41
508,29,28
509,29,26
510,30,38
511,30,41
517,50,32
519,50,20
523,50,7
524,50,25
527,29,58
529,30,58
533,31,28
534,31,30
535,31,39
539,31,58
549,51,29
550,51,32
552,51,21
553,51,14
554,51,15
555,51,44
556,51,10
557,51,26
561,51,58
562,51,5
563,5,28
567,5,58
569,6,58
570,6,47
571,6,48
572,6,32
576,6,41
577,52,30
579,52,20
581,52,42
582,52,40
584,52,48
585,52,6
586,52,58
589,53,32
594,53,44
597,53,7
598,53,58
599,53,25
601,37,28
604,37,58
605,39,28
608,39,58
610,38,38
613,38,9
614,38,47
615,38,54
616,38,58
622,9,28
623,9,40
628,54,28
630,54,22
631,54,14
632,54,15
635,54,6
636,54,58
638,54,24
639,10,38
640,10,21
641,10,41
644,10,58
645,1,58
646,2,58
649,15,32
652,15,9
653,15,47
655,15,58
656,14,28
657,14,30
659,14,20
660,14,40
663,14,58
665,27,49
667,27,56
668,13,49
669,13,32
671,13,56
675,19,49
677,19,30
678,19,32
680,19,20
686,19,58
687,21,32
689,21,41
694,20,32
697,20,47
698,20,48
700,20,58
701,55,32
703,55,20
704,55,42
706,55,48
707,55,6
710,55,58
711,8,30
712,8,33
713,8,40
714,8,47
715,8,54
716,8,58
723,28,29
724,28,40
726,28,54
727,28,58
728,56,32
729,56,20
731,56,41
736,56,25
738,56,58
739,22,29
740,22,44
743,22,58
744,11,28
745,11,49
748,57,28
750,57,22
751,57,15
753,57,58
754,57,6
757,57,10
763,23,49
764,23,29
765,23,54
766,23,58
768,25,38
769,25,41
770,25,44
771,25,47
773,25,58
775,24,58
779,24,40
781,24,32
783,7,32
785,7,38
787,7,44
788,7,49
789,7,47
792,7,58
793,25,49
794,36,29
796,36,44
799,36,58
821,35,44
823,35,49
825,35,58
827,34,29
828,34,32
829,34,44
830,34,49
833,34,58
843,45,58
844,45,29
845,45,30
846,45,32
847,45,44
848,45,40
850,45,47
852,41,57
853,41,49
855,41,28
870,48,57
873,48,47
874,48,44
876,48,32
886,47,58
890,49,28
891,49,30
892,49,40
897,49,58
898,58,32
900,58,20
903,58,47
904,58,9
908,58,6
911,2,6
912,2,54
913,29,14
915,30,47
919,53,20
920,25,32
932,60,29
934,60,21
941,60,54
942,60,58
955,62,32
958,62,44
961,62,6
962,62,25
964,62,58
968,20,41
976,63,22
980,63,6
982,63,54
983,63,58
997,65,22
1001,65,6
1003,65,54
1004,65,58
1007,56,6
1010,66,21
1012,66,9
1014,66,25
1016,66,58
1017,66,7
1020,67,20
1021,67,14
1025,67,53
1027,67,7
1028,68,38
1030,68,22
1035,68,25
1037,68,56
1040,50,14
1041,50,45
1044,69,32
1046,69,20
1047,69,9
1049,69,25
1050,69,7
1051,69,58
1052,69,45
1053,69,14
1068,71,21
1069,71,40
1070,71,9
1072,71,6
1073,71,25
1075,71,58
1076,72,32
1078,72,20
1079,72,41
1080,72,9
1082,72,6
1083,72,25
1084,72,54
1088,73,22
1090,73,9
1092,73,7
1093,73,58
1094,73,25
1098,74,22
1100,74,9
1102,74,7
1103,74,25
1105,74,58
1108,75,22
1110,75,9
1112,75,7
1113,75,58
1114,75,25
1115,75,54
1116,76,32
1118,76,20
1119,76,41
1120,76,9
1122,76,6
1124,76,54
1125,76,25
1126,77,38
1127,77,32
1128,77,41
1129,77,9
1131,77,6
1132,77,56
1133,77,54
1134,77,25
1136,77,20
1137,78,32
1139,78,20
1140,78,41
1141,78,47
1142,78,9
1144,78,25
1147,78,6
1148,79,29
1151,79,44
1154,79,6
1155,79,58
1157,79,25
1158,80,32
1160,80,20
1161,80,41
1162,80,9
1164,80,6
1165,80,25
1167,80,56
1168,81,32
1170,81,20
1171,81,41
1172,81,9
1174,81,6
1175,81,25
1177,81,56
1178,82,38
1179,82,32
1181,82,20
1182,82,41
1183,82,9
1185,82,25
1187,82,56
1188,82,6
1189,21,9
1190,21,56
1193,83,56
1195,83,25
1196,83,6
1198,83,9
1199,83,41
1200,83,20
1202,83,32
1203,84,32
1204,84,41
1206,84,20
1208,84,9
1209,84,6
1210,84,25
1212,84,56
1213,85,32
1214,85,41
1215,85,20
1217,85,9
1218,85,47
1220,85,6
1223,85,25
1224,86,32
1226,86,20
1227,86,41
1229,86,9
1230,86,6
1231,86,56
1232,86,25
1236,5,61
1238,6,66
1239,6,42
1242,52,66
1243,53,64
1244,53,9
1250,11,66
1251,11,9
1256,15,42
1257,14,65
1262,54,61
1264,20,66
1265,20,42
1266,55,66
1269,21,64
1270,22,64
1273,23,39
1274,24,49
1280,28,64
1281,56,64
1282,56,9
1284,29,64
1286,30,9
1290,72,64
1293,34,66
1295,69,64
1296,35,32
1300,36,64
1301,37,64
1302,37,61
1306,76,64
1307,76,47
1308,77,64
1310,45,66
1313,47,59
1314,47,61
1315,48,64
1316,48,29
1318,58,64
1319,58,42
1320,58,38
1321,57,64
1322,57,11
1325,60,40
1326,60,65
1327,60,47
1330,60,49
1332,62,64
1333,62,29
1335,63,59
1336,63,61
1338,65,59
1340,65,61
1341,66,65
1342,66,38
1345,67,50
1346,68,64
1347,68,14
1348,68,45
1349,68,47
1350,71,29
1351,71,64
1352,73,64
1356,78,38
1357,78,64
1358,78,42
1360,79,64
1361,84,64
1362,84,38
1363,80,38
1364,80,47
1365,80,64
1366,83,38
1367,83,64
1368,81,38
1369,81,64
1370,82,64
1371,85,64
1372,85,38
1373,86,38
1374,86,64
1376,19,66
1378,6,60
1379,52,60
1380,7,60
1381,8,60
1383,13,60
1384,15,60
1385,20,60
1386,55,60
1388,24,60
1389,23,60
1390,25,60
1391,27,60
1394,30,25
1397,31,60
1399,35,60
1401,57,60
1404,87,29
1405,87,25
1406,87,6
1407,87,64
1408,87,58
1410,87,9
1411,87,41
1412,87,20
1413,88,29
1414,88,20
1415,88,6
1416,88,25
1417,88,64
1418,88,58
1419,88,54
1420,88,9
1421,88,41
1422,89,29
1423,89,20
1424,89,6
1425,89,25
1426,89,58
1428,89,64
1429,89,9
1430,89,41
1431,88,32
1432,87,32
1433,89,32
1434,29,11
1436,90,28
1438,90,24
1440,90,58
1442,90,61
1443,90,15
1444,90,22
1445,91,28
1446,91,22
1447,91,6
1448,91,60
1451,91,56
1452,91,49
1455,92,29
1456,92,21
1457,92,6
1458,92,25
1460,92,54
1461,92,58
1462,92,9
1463,92,41
1464,1,61
1465,9,61
1466,14,9
1468,91,47
1469,13,47
1470,27,28
1471,13,28
1477,6,38
1478,71,41
1479,60,6
1480,41,64
1483,15,48
1484,93,28
1485,93,32
1486,93,29
1487,93,44
1488,93,15
1489,93,61
1490,93,47
1491,93,58
1493,93,64
1494,93,24
1495,93,6
1498,94,22
1499,94,6
1501,94,58
1503,94,54
1504,94,9
1505,94,61
1508,95,20
1509,95,6
1510,95,24
1511,95,66
1512,95,57
1514,95,49
1515,95,15
1520,9,48
1521,1,48
1523,14,48
1524,38,67
1525,45,67
1527,63,67
1528,94,67
1531,96,6
1532,96,25
1533,96,64
1535,96,57
1536,96,9
1537,96,41
1538,97,32
1539,97,20
1540,97,7
1541,97,25
1544,97,56
1545,97,49
1546,97,67
1548,98,38
1549,98,22
1550,98,6
1555,98,9
1556,98,41
1559,99,25
1560,99,6
1561,99,57
1562,99,64
1564,99,47
1567,37,10
1568,39,9
1569,39,64
1574,49,64
1576,50,64
1579,96,32
1580,96,38
1583,100,7
1584,100,25
1585,100,64
1587,100,58
1588,100,50
1589,100,14
1590,97,38
1592,101,38
1593,101,32
1594,101,6
1595,101,25
1596,101,64
1598,101,56
1599,101,9
1600,101,41
1601,101,20
1602,102,32
1603,102,38
1605,102,6
1606,102,25
1607,102,64
1608,102,54
1609,102,56
1610,102,9
1611,102,41
1612,103,29
1613,103,22
1614,103,6
1615,103,25
1616,103,64
1617,103,54
1619,103,44
1620,103,58
1621,104,32
1622,104,38
1624,104,6
1625,104,25
1626,104,64
1628,104,56
1629,104,9
1630,104,41
1631,105,29
1632,105,32
1634,105,6
1635,105,25
1636,105,64
1637,105,54
1638,105,57
1639,105,9
1640,105,41
1641,106,38
1642,106,20
1643,106,6
1644,106,25
1645,106,64
1646,106,54
1647,106,56
1648,106,9
1649,106,41
1650,107,38
1651,107,32
1652,107,20
1653,107,6
1654,107,25
1655,107,64
1657,107,58
1658,107,9
1659,107,41
1660,108,32
1661,108,38
1662,108,20
1663,108,6
1664,108,25
1665,108,64
1667,108,58
1668,108,9
1669,108,41
1670,109,29
1671,109,32
1672,109,22
1673,109,6
1674,109,25
1675,109,64
1678,109,9
1679,109,41
1680,110,32
1681,110,38
1683,110,6
1684,110,25
1685,110,64
1687,110,56
1688,110,9
1689,110,41
1690,111,32
1691,111,38
1692,111,21
1693,111,6
1694,111,25
1695,111,64
1697,111,56
1698,111,9
1699,111,41
1700,112,32
1701,112,38
1703,112,6
1704,112,25
1705,112,64
1707,112,58
1708,112,9
1709,112,41
1722,114,32
1723,114,38
1725,114,6
1726,114,25
1727,114,64
1728,114,54
1729,114,56
1730,114,9
1731,114,41
1742,116,38
1743,116,32
1744,116,22
1745,116,6
1746,116,25
1747,116,64
1748,116,54
1749,116,56
1750,116,9
1751,116,41
1761,118,29
1762,118,32
1764,118,6
1765,118,25
1766,118,64
1767,118,54
1768,118,56
1769,118,9
1770,118,41
1771,119,32
1772,119,38
1773,119,21
1774,119,6
1775,119,25
1776,119,64
1778,119,58
1779,119,9
1780,119,41
1790,2,22
1791,2,61
1792,7,67
1794,8,38
1796,9,58
1797,10,25
1799,10,65
1800,10,61
1801,2,65
1802,11,58
1804,15,41
1805,15,38
1806,20,38
1807,20,9
1808,6,9
1809,21,38
1810,21,7
1812,23,41
1813,24,37
1815,27,7
1816,28,61
1817,56,38
1818,30,32
1820,50,58
1821,50,50
1822,51,60
1823,72,38
1825,72,56
1826,75,41
1827,34,47
1831,36,32
1832,36,7
1834,38,32
1835,38,60
1836,39,32
1837,38,22
1838,76,38
1839,76,42
1841,41,21
1843,47,60
1845,47,67
1846,47,9
1849,58,25
1850,58,41
1852,57,38
1853,57,32
1854,110,21
1857,60,32
1858,60,25
1860,63,9
1861,63,60
1862,65,60
1863,65,9
1864,65,67
1865,66,67
1866,67,60
1867,67,58
1868,68,32
1870,73,41
1871,74,41
1873,76,57
1874,78,57
1878,79,32
1879,62,20
1881,36,22
1882,93,22
1883,53,29
1885,58,58
1886,79,22
1887,80,42
1888,81,42
1889,85,57
1890,85,42
1893,94,59
1894,94,60
1895,95,32
1896,96,20
1897,99,32
1898,99,38
1899,99,20
1900,99,9
1901,99,41
1902,99,42
1904,98,58
1905,121,38
1906,121,21
1907,121,6
1908,121,25
1911,121,58
1912,121,9
1913,121,41
1915,100,22
1916,102,21
1917,103,32
1919,104,21
1920,105,21
1921,109,58
1922,112,20
1925,114,21
1926,118,21
1927,122,32
1928,122,29
1929,122,21
1930,122,6
1931,122,25
1932,122,64
1933,122,53
1934,122,56
1935,122,57
1936,122,58
1937,122,9
1938,122,67
1939,123,32
1940,123,38
1941,123,21
1942,123,7
1943,123,25
1944,123,64
1946,123,58
1947,123,47
1948,123,41
1949,123,42
1950,31,26
1951,31,14
1952,34,48
1953,69,30
1954,69,38
1956,35,67
1957,35,41
1958,35,29
1959,35,47
1960,35,9
1961,35,14
1962,124,32
1963,124,38
1964,124,20
1965,124,6
1966,124,25
1967,124,64
1969,124,56
1970,124,9
1971,124,47
1972,124,41
1973,125,29
1974,125,32
1975,125,25
1976,125,64
1977,125,54
1978,125,56
1979,125,57
1980,125,58
1982,125,20
1983,125,9
1984,125,67
1985,52,69
1986,19,69
1987,50,68
1988,55,69
1989,67,68
1990,73,38
1991,73,32
1992,74,68
1993,95,69
1994,75,68
1996,100,37
1997,22,70
1998,36,70
1999,62,70
2000,79,70
2001,103,70
2002,126,69
2003,126,22
2004,126,7
2005,126,60
2006,126,65
2007,126,53
2008,126,57
2009,126,9
2010,126,41
2011,127,32
2012,127,38
2013,127,22
2014,127,6
2015,127,25
2016,127,64
2018,127,58
2019,127,9
2020,127,47
2021,127,41
2022,128,32
2023,128,20
2024,128,25
2025,128,64
2027,128,54
2028,128,58
2029,128,9
2030,128,41
2032,129,20
2033,129,5
2034,129,56
2035,129,24
2040,1,9
2041,24,67
2042,24,14
2043,130,28
2044,130,21
2045,130,7
2046,130,25
2049,130,58
2050,130,47
2053,131,32
2054,131,29
2055,131,21
2056,131,7
2057,131,25
2058,131,64
2060,131,57
2061,131,70
2062,131,44
2063,132,32
2064,132,29
2065,132,21
2066,132,7
2067,132,25
2068,132,64
2070,132,56
2071,132,70
2072,132,44
2073,133,32
2074,133,38
2075,133,20
2076,133,6
2077,133,25
2078,133,64
2080,133,58
2081,133,9
2082,133,41
2083,134,6
2084,134,21
2085,134,25
2086,134,64
2088,134,58
2089,134,9
2090,134,41
2091,134,29
2092,135,32
2093,135,21
2094,135,7
2095,135,25
2096,135,64
2097,135,54
2098,135,58
2099,135,70
2100,135,67
2101,136,32
2102,136,21
2103,136,7
2104,136,25
2105,136,64
2106,136,54
2107,136,58
2108,136,70
2109,136,44
2120,138,32
2121,138,22
2122,138,25
2123,138,7
2124,138,58
2126,138,64
2127,138,9
2128,138,47
2130,138,41
2131,139,32
2132,139,30
2133,139,31
2134,139,21
2135,139,7
2136,139,25
2137,139,64
2139,139,58
2140,139,70
2141,139,44
2142,140,32
2143,140,30
2144,140,31
2145,140,21
2146,140,7
2147,140,25
2148,140,64
2150,140,57
2151,140,70
2152,140,44
2153,5,66
2154,7,66
2155,8,65
2156,9,66
2157,1,66
2158,54,66
2160,15,65
2161,23,65
2162,24,66
2164,27,66
2165,25,65
2166,30,64
2167,31,64
2168,51,64
2169,35,66
2170,38,65
2171,47,66
2173,63,66
2174,65,66
2175,67,66
2176,90,66
2177,91,66
2178,94,66
2180,97,64
2182,121,66
2183,129,68
2184,129,45
2185,130,66
2186,13,66
2187,5,53
2189,6,71
2190,52,71
2191,53,71
2192,7,53
2193,93,71
2194,9,53
2195,54,53
2196,10,54
2197,11,53
2198,13,71
2199,14,53
2200,15,71
2201,19,53
2202,20,53
2203,55,71
2204,21,71
2205,22,54
2206,23,6
2207,24,53
2208,25,71
2209,27,53
2210,56,71
2211,29,53
2212,30,54
2213,50,71
2214,31,54
2215,51,54
2216,34,53
2217,69,54
2218,35,53
2219,36,54
2220,37,53
2221,141,30
2222,141,32
2223,141,22
2224,141,6
2225,141,25
2226,141,54
2227,141,58
2228,141,64
2229,141,9
2230,141,40
2231,41,54
2232,45,53
2233,47,54
2234,48,54
2235,49,71
2236,58,71
2237,119,54
2238,57,71
2239,110,71
2240,62,54
2241,66,54
2243,68,71
2244,71,54
2245,131,54
2246,73,54
2247,74,54
2248,78,71
2249,79,54
2250,84,71
2251,80,71
2252,83,71
2253,81,71
2254,82,71
2255,85,71
2256,86,71
2257,87,71
2259,89,71
2260,90,53
2262,91,53
2263,92,65
2264,95,53
2265,96,71
2266,99,71
2269,98,54
2270,100,71
2271,101,71
2272,104,71
2273,107,71
2274,108,71
2275,109,71
2276,111,71
2277,112,71
2278,121,54
2279,123,71
2280,124,71
2281,127,71
2282,129,54
2283,130,71
2284,132,54
2285,133,71
2286,134,71
2287,138,71
2289,139,54
2290,140,54
2292,1,53
2293,39,71
2294,142,32
2295,142,21
2296,142,54
2297,142,6
2298,142,25
2299,142,64
2300,142,58
2301,142,47
2302,142,9
2303,142,67
2304,143,32
2305,143,21
2306,143,6
2307,143,25
2308,143,64
2309,143,54
2310,143,56
2311,143,9
2312,143,41
2313,129,9
2314,129,49
2315,130,49
2316,130,32
2317,130,39
2318,53,70
2319,69,50
2320,68,50
2321,49,48
2322,141,48
2324,38,50
2325,8,50
2326,23,32
2327,144,32
2328,144,20
2329,144,6
2330,144,54
2331,144,64
2332,144,9
2333,144,41
2334,144,25
2335,144,29
2336,144,58
2338,97,47
2340,68,41
2341,97,54
2342,6,72
2343,52,72
2344,8,72
2346,15,72
2347,1,72
2348,5,72
2349,9,72
2350,9,9
2351,54,72
2352,11,72
2353,13,72
2354,14,72
2355,19,72
2356,20,72
2357,55,72
2358,23,72
2359,27,72
2360,34,14
2361,34,45
2362,90,72
2364,91,72
2365,95,72
2366,129,65
2367,130,72
2368,145,68
2369,145,22
2370,145,6
2371,145,25
2372,145,54
2373,145,66
2374,145,58
2375,145,9
2377,145,41
2378,7,6
2379,19,6
2380,25,6
2381,68,5
2382,90,6
2383,125,6
2384,128,6
2385,41,45
2386,146,32
2387,146,22
2388,146,25
2389,146,54
2390,146,6
2391,146,58
2392,146,64
2393,146,70
2394,146,44
2395,147,29
2396,147,21
2397,147,25
2398,147,7
2399,147,54
2400,147,64
2401,147,58
2402,147,61
2403,147,67
2404,148,28
2405,148,22
2406,148,6
2407,148,24
2408,148,54
2409,148,65
2410,148,58
2411,148,9
2412,148,48
2413,148,40
2414,149,38
2415,149,20
2416,149,6
2417,149,25
2419,149,66
2420,149,58
2421,149,9
2422,149,41
2423,13,42
2424,27,42
2425,42,38
2426,42,20
2428,42,66
2429,42,58
2430,42,50
2431,42,41
2432,42,54
2433,98,25
2434,98,66
2435,149,54
2436,150,32
2437,150,21
2438,150,25
2439,150,6
2440,150,54
2441,150,64
2442,150,58
2443,150,70
2444,150,44
2445,151,32
2446,151,21
2447,151,54
2448,151,25
2449,151,6
2450,151,58
2451,151,64
2452,151,70
2453,151,67
2454,152,38
2455,152,21
2456,152,25
2457,152,54
2458,152,6
2459,152,56
2460,152,64
2461,152,9
2462,152,67
2463,153,56
2464,153,7
2465,153,25
2466,153,54
2467,153,70
2468,153,67
2469,153,64
2470,153,22
2471,153,32
2472,154,22
2473,154,29
2474,154,54
2475,154,25
2476,154,7
2477,154,58
2479,154,9
2480,154,67
2481,155,32
2482,155,29
2483,155,21
2484,155,6
2485,155,25
2486,155,54
2487,155,64
2488,155,56
2489,155,9
2490,155,41
2491,156,9
2492,156,64
2493,156,57
2494,156,32
2495,156,41
2496,156,25
2497,156,54
2498,156,7
2499,156,21
2500,157,9
2501,157,41
2502,157,64
2503,157,58
2504,157,25
2505,157,54
2506,157,7
2507,157,21
2508,157,32
2509,158,32
2510,158,25
2511,158,54
2512,158,6
2513,158,65
2514,158,58
2515,158,9
2516,158,67
2517,158,21
2519,159,32
2520,159,20
2521,159,6
2522,159,25
2523,159,54
2524,159,58
2525,159,64
2526,159,9
2527,159,41
2528,160,38
2529,160,21
2530,160,60
2531,160,54
2532,160,7
2533,160,58
2534,160,66
2535,160,9
2536,160,41
2538,34,60
2551,162,32
2552,162,21
2553,162,25
2554,162,54
2555,162,6
2556,162,56
2557,162,64
2558,162,9
2559,162,67
2560,163,32
2561,163,22
2562,163,6
2563,163,25
2564,163,54
2565,163,64
2566,163,58
2567,163,70
2568,163,44
2569,164,32
2570,164,21
2571,164,25
2572,164,54
2573,164,7
2574,164,56
2575,164,64
2576,164,70
2577,164,67
2578,165,32
2579,165,25
2580,165,54
2581,165,6
2582,165,58
2583,165,64
2584,165,70
2585,165,44
2586,165,21
2587,166,32
2588,166,54
2589,166,21
2590,166,25
2591,166,7
2592,166,58
2593,166,44
2594,166,70
2595,166,65
2596,167,69
2597,167,21
2598,167,25
2599,167,54
2600,167,64
2601,167,56
2602,167,7
2603,167,9
2604,167,67
2605,168,21
2606,168,32
2607,168,25
2608,168,54
2609,168,7
2610,168,58
2611,168,65
2612,168,9
2613,168,67
2614,14,47
2615,169,69
2616,169,30
2617,169,32
2618,169,5
2619,169,24
2620,169,53
2621,169,58
2622,169,65
2623,169,10
2624,169,11
2625,169,44
2626,169,14
2627,169,20
2628,170,32
2629,170,69
2630,170,20
2631,170,6
2632,170,25
2633,170,54
2634,170,58
2635,170,65
2636,170,50
2637,170,47
2638,170,14
2639,170,45
2640,170,44
2641,171,33
2642,171,32
2643,171,31
2644,171,6
2645,171,25
2646,171,54
2647,171,65
2648,171,58
2649,171,50
2650,171,47
2651,171,14
2652,171,45
2653,171,44
2654,171,20
2655,172,38
2656,172,32
2657,172,20
2658,172,6
2659,172,24
2660,172,71
2661,172,66
2662,172,58
2663,172,9
2664,172,41
2665,173,32
2666,173,33
2667,173,20
2668,173,6
2669,173,25
2670,173,54
2671,173,65
2672,173,58
2673,173,47
2674,173,50
2675,173,44
2676,173,45
2677,174,38
2678,174,21
2679,174,25
2680,174,54
2681,174,7
2682,174,58
2683,174,65
2684,174,9
2685,174,67
2686,175,6
2687,175,38
2688,175,32
2689,175,21
2690,175,25
2691,175,54
2692,175,64
2693,175,58
2694,175,9
2695,175,67
2696,176,38
2697,176,21
2698,176,25
2699,176,54
2700,176,7
2701,176,58
2702,176,64
2703,176,9
2704,176,41
2705,177,28
2706,177,21
2707,177,25
2708,177,54
2709,177,7
2710,177,57
2711,177,65
2712,177,9
2713,177,67
2714,178,32
2715,178,25
2716,178,54
2717,178,6
2718,178,21
2719,178,64
2720,178,56
2721,178,9
2722,178,67
2723,179,38
2724,179,21
2725,179,25
2726,179,54
2727,179,7
2728,179,58
2729,179,65
2730,179,9
2731,179,41
2732,180,32
2733,180,30
2734,180,22
2735,180,7
2736,180,25
2737,180,71
2738,180,65
2739,180,58
2740,180,70
2741,180,44
2742,181,32
2743,181,29
2744,181,20
2745,181,6
2746,181,54
2747,181,65
2748,181,58
2749,181,47
2750,181,44
2751,181,67
2752,181,70
2753,181,60
2754,182,32
2755,182,21
2756,182,25
2757,182,54
2758,182,6
2759,182,58
2760,182,64
2761,182,70
2762,182,44
2763,183,32
2764,183,21
2765,183,25
2766,183,54
2767,183,58
2768,183,6
2769,183,64
2770,183,9
2771,183,67
2772,184,28
2773,184,21
2774,184,25
2775,184,54
2776,184,7
2777,184,58
2778,184,64
2779,184,9
2780,184,67
2781,8,9
2782,74,65
2783,75,65
2784,154,65
2785,185,29
2786,185,21
2787,185,25
2788,185,54
2789,185,7
2790,185,58
2791,185,64
2792,185,70
2793,185,47
2794,185,44
2795,186,32
2796,186,25
2797,186,54
2798,186,7
2799,186,58
2800,186,9
2801,186,65
2802,186,67
2803,186,21
2804,187,32
2805,187,21
2806,187,25
2807,187,54
2808,187,6
2809,187,58
2810,187,64
2811,187,70
2812,187,44
2813,188,32
2814,188,21
2815,188,25
2816,188,54
2817,188,6
2818,188,58
2819,188,64
2820,188,70
2821,188,44
2822,189,28
2823,189,25
2824,189,54
2825,189,7
2826,189,64
2827,189,58
2828,189,9
2829,189,15
2830,189,21
2831,190,32
2832,190,21
2833,190,25
2834,190,54
2835,190,7
2836,190,64
2837,190,56
2838,190,9
2839,190,67
2840,191,32
2841,191,21
2842,191,25
2843,191,54
2844,191,6
2845,191,57
2846,191,64
2847,191,9
2848,191,67
2849,192,32
2850,192,25
2851,192,54
2852,192,21
2853,192,6
2854,192,58
2855,192,64
2856,192,70
2857,192,44
2858,193,28
2859,193,21
2860,193,25
2861,193,54
2862,193,7
2863,193,58
2864,193,64
2865,193,9
2866,193,67
2867,194,32
2868,194,54
2869,194,25
2870,194,6
2871,194,58
2872,194,64
2873,194,70
2874,194,44
2875,194,21
2876,195,29
2877,195,21
2878,195,25
2879,195,54
2880,195,6
2881,195,58
2882,195,64
2883,195,9
2884,195,67
2885,196,32
2886,196,38
2887,196,25
2888,196,54
2889,196,21
2890,196,6
2891,196,64
2892,196,58
2893,196,9
2894,196,67
2895,197,32
2896,197,25
2897,197,54
2898,197,21
2899,197,6
2900,197,58
2901,197,64
2902,197,70
2903,197,44
4710,372,151
4711,372,141
4712,372,153
4713,372,157
4714,372,169
4715,372,184
4716,372,187
4717,372,175
4718,372,143
4720,372,179
4721,372,198
4722,373,143
4723,373,154
4724,373,167
4725,373,170
4726,373,184
4727,373,141
4728,373,180
4729,373,151
4730,373,187
4731,373,191
4732,374,151
4733,374,141
4734,374,148
4735,374,153
4736,374,157
4737,374,184
4738,374,187
4739,374,192
4740,374,179
4741,374,198
4742,375,149
4743,375,141
4744,375,184
4745,375,174
4746,375,175
4747,375,161
4748,375,170
4749,375,192
4750,375,171
4751,375,186
4752,375,167
4753,375,143
4755,375,198
4756,376,159
4757,376,149
4758,376,171
4759,376,169
4760,376,175
4761,376,141
4762,376,184
4763,376,192
4764,376,186
4765,376,195
4767,376,198
4768,377,149
4769,377,161
4770,377,167
4771,377,172
4772,377,176
4773,377,174
4774,377,184
4775,377,186
4776,377,193
4777,377,192
4778,377,179
4779,377,141
4780,378,150
4781,378,141
4782,378,159
4783,378,162
4784,378,169
4785,378,174
4786,378,180
4787,378,184
4788,378,186
4789,378,167
4790,378,191
4791,378,177
4792,378,198
4793,378,143
4794,379,151
4795,379,141
4796,379,153
4797,379,157
4798,379,169
4799,379,187
4800,379,175
4801,379,184
4803,379,179
4804,379,198
4805,379,143
4806,380,157
4807,380,151
4808,380,147
4809,380,148
4810,380,141
4811,380,184
4812,380,153
4813,380,187
4814,380,192
4815,380,179
4816,380,198
4817,381,143
4818,381,141
4819,381,167
4820,381,150
4821,381,170
4822,381,184
4823,381,154
4824,381,191
4825,381,187
4826,381,180
4827,382,151
4828,382,141
4829,382,153
4830,382,157
4831,382,176
4832,382,192
4833,382,143
4834,382,184
4835,382,179
4836,382,198
4837,383,149
4838,383,141
4839,383,176
4840,383,161
4841,383,182
4842,383,186
4843,383,174
4844,383,157
4845,383,192
4846,383,197
4847,383,198
4848,383,171
4849,384,151
4850,384,141
4851,384,153
4852,384,157
4853,384,159
4854,384,149
4855,384,169
4856,384,184
4857,384,191
4858,384,143
4859,384,175
4860,384,179
4861,384,198
4862,384,174
4863,385,149
4864,385,141
4865,385,161
4866,385,143
4867,385,174
4868,385,184
4869,385,171
4870,385,186
4871,385,175
4872,385,170
4873,385,167
4874,385,191
4875,385,197
4876,385,198
4877,386,153
4878,386,176
4879,386,159
4880,386,161
4881,386,149
4882,386,184
4883,386,192
4884,386,195
4885,386,179
4886,386,198
4887,386,141
4888,387,149
4889,387,141
4890,387,161
4891,387,174
4892,387,175
4893,387,184
4894,387,170
4895,387,192
4896,387,171
4897,387,186
4898,387,167
4899,387,143
4900,387,179
4901,387,198
4902,388,161
4903,388,149
4904,388,171
4905,388,175
4906,388,141
4907,388,184
4908,388,192
4909,388,186
4910,388,195
4912,388,198
4913,389,149
4914,389,154
4915,389,161
4916,389,170
4918,389,182
4919,389,190
4920,389,167
4921,389,142
4922,389,197
4923,390,150
4924,390,141
4925,390,154
4926,390,158
4927,390,172
4928,390,184
4929,390,190
4930,390,196
4931,390,180
4932,391,150
4933,391,176
4934,391,158
4935,391,180
4936,391,184
4937,391,168
4939,391,170
4940,391,191
4941,391,141
4942,391,161
4943,391,198
4944,392,149
4945,392,141
4946,392,184
4947,392,169
4948,392,161
4949,392,176
4950,392,186
4951,392,166
4952,392,193
4953,392,147
4954,392,192
4955,392,179
4956,393,149
4957,393,167
4958,393,170
4959,393,172
4960,393,174
4961,393,184
4962,393,176
4963,393,161
4964,393,186
4965,393,191
4966,393,197
4967,393,141
4968,394,150
4969,394,176
4970,394,182
4971,394,186
4972,394,157
4973,394,142
4974,394,192
4976,394,198
4977,394,171
4978,395,149
4979,395,143
4980,395,141
4982,395,158
4983,395,169
4984,395,180
4985,395,184
4986,395,190
4987,395,187
4988,396,151
4989,396,144
4990,396,142
4991,396,148
4992,396,153
4993,396,157
4994,396,155
4995,396,184
4996,396,147
4997,396,190
4998,396,145
4999,396,179
5000,397,150
5001,397,142
5002,397,167
5003,397,170
5004,397,184
5005,397,174
5006,397,143
5007,397,154
5008,397,161
5009,397,190
5010,397,180
5011,398,161
5012,398,149
5013,398,142
5014,398,154
5015,398,147
5016,398,173
5017,398,190
5018,398,184
5019,398,177
5021,398,197
5022,399,144
5023,399,150
5024,399,140
5025,399,148
5026,399,157
5027,399,159
5028,399,168
5029,399,184
5030,399,186
5031,399,155
5032,399,147
5033,399,190
5034,399,180
5035,400,158
5036,400,161
5037,400,150
5038,400,147
5039,400,148
5040,400,172
5041,400,144
5042,400,155
5043,400,184
5044,400,140
5045,400,186
5046,400,190
5047,400,180
5048,401,149
5049,401,142
5050,401,158
5051,401,161
5052,401,172
5053,401,176
5054,401,184
5055,401,192
5056,401,174
5057,401,175
5058,401,179
5059,401,147
5060,401,173
5061,401,186
5062,402,149
5063,402,141
5064,402,172
5065,402,176
5066,402,184
5067,402,161
5068,402,186
5069,402,193
5070,402,170
5071,402,158
5072,402,174
5073,402,143
5074,402,147
5075,402,192
5076,402,179
5077,403,154
5078,403,158
5079,403,172
5080,403,184
5081,403,190
5082,403,161
5084,403,151
5085,403,196
5086,403,180
5087,404,151
5088,404,141
5089,404,148
5090,404,147
5091,404,153
5092,404,157
5093,404,184
5094,404,190
5095,404,187
5096,404,144
5097,404,179
5098,405,144
5099,405,141
5100,405,167
5101,405,143
5102,405,174
5103,405,180
5104,405,184
5105,405,193
5106,405,161
5107,405,186
5108,405,151
5109,405,191
5110,405,177
5111,406,151
5112,406,144
5113,406,141
5114,406,148
5115,406,153
5116,406,157
5117,406,184
5118,406,143
5119,406,190
5120,406,161
5121,406,197
5122,407,142
5123,407,147
5124,407,154
5125,407,183
5126,407,176
5127,407,157
5128,407,190
5129,407,150
5130,407,180
5131,407,173
5132,408,143
5133,408,141
5134,408,154
5135,408,167
5136,408,149
5137,408,192
5138,408,184
5140,408,170
5141,408,180
5142,409,157
5143,409,151
5144,409,141
5145,409,153
5146,409,180
5147,409,191
5148,409,184
5149,409,143
5150,409,175
5151,409,169
5152,410,151
5153,410,143
5154,410,141
5155,410,153
5156,410,184
5157,410,158
5158,410,159
5159,410,161
5160,410,172
5161,410,169
5162,410,174
5163,410,192
5164,410,193
5165,410,179
5166,411,141
5167,411,151
5168,411,184
5169,411,185
5170,411,187
5171,411,186
5172,411,193
5173,411,143
5174,411,192
5175,411,180
5176,412,150
5178,412,154
5179,412,183
5180,412,174
5181,412,172
5182,412,161
5183,412,190
5184,412,158
5185,412,180
5186,413,151
5187,413,143
5188,413,141
5189,413,153
5190,413,157
5191,413,159
5192,413,169
5193,413,184
5194,413,190
5195,413,197
5196,413,175
5197,414,161
5198,414,149
5199,414,174
5200,414,143
5201,414,141
5202,414,190
5203,414,171
5204,414,167
5205,414,154
5206,414,170
5208,414,197
5209,415,161
5210,415,172
5211,415,142
5212,415,184
5213,415,154
5214,415,149
5215,415,190
5216,415,143
5217,415,158
5218,415,197
5219,415,196
5220,416,161
5221,416,149
5222,416,170
5223,416,154
5224,416,184
5225,416,141
5226,416,190
5227,416,143
5228,416,167
5229,416,197
5230,417,157
5231,417,151
5232,417,148
5233,417,184
5234,417,141
5235,417,144
5236,417,190
5237,417,145
5238,417,186
5239,417,167
5240,417,161
5241,417,197
5242,418,158
5243,418,150
5244,418,180
5245,418,184
5246,418,169
5247,418,191
5248,418,174
5249,418,176
5250,418,141
5251,418,161
5252,418,154
5253,419,161
5254,419,172
5255,419,141
5256,419,154
5257,419,184
5258,419,190
5259,419,158
5260,419,149
5261,419,196
5262,419,180
5263,420,151
5264,420,141
5265,420,180
5266,420,184
5267,420,185
5268,420,187
5269,420,193
5270,420,143
5271,420,186
5272,420,192
5273,421,151
5274,421,141
5275,421,180
5276,421,184
5277,421,185
5278,421,187
5279,421,186
5280,421,143
5281,421,193
5282,421,192
5283,422,150
5284,422,143
5285,422,154
5286,422,184
5287,422,142
5288,422,191
5289,422,167
5290,422,193
5291,422,180
5292,423,149
5293,423,147
5294,423,179
5295,423,142
5296,423,177
5297,423,186
5298,423,184
5299,423,194
5300,423,192
5314,425,161
5315,425,149
5316,425,143
5317,425,154
5318,425,142
5319,425,184
5320,425,173
5321,425,147
5322,425,190
5323,425,159
5324,425,167
5325,425,180
5326,425,177
5327,426,150
5328,426,169
5329,426,143
5330,426,141
5331,426,154
5332,426,184
5333,426,158
5334,426,190
5335,426,170
5336,426,180
5337,427,161
5338,427,149
5339,427,170
5340,427,143
5341,427,141
5342,427,154
5343,427,180
5344,427,190
5345,427,167
5346,427,182
5347,428,151
5348,428,143
5349,428,142
5350,428,184
5351,428,154
5353,428,170
5354,428,167
5355,428,161
5356,428,180
5357,429,151
5358,429,143
5359,429,142
5360,429,154
5361,429,184
5362,429,170
5363,429,194
5364,429,180
5365,429,191
5366,430,151
5367,430,143
5368,430,142
5369,430,184
5370,430,154
5371,430,180
5372,430,170
5373,430,194
5374,430,191
5375,431,161
5376,431,149
5377,431,170
5378,431,143
5379,431,141
5381,431,154
5382,431,190
5383,431,174
5384,431,167
5385,431,171
5387,432,167
5388,432,161
5389,432,170
5390,432,143
5391,432,141
5392,432,182
5393,432,180
5394,432,154
5395,432,149
5396,432,190
5397,433,161
5398,433,149
5399,433,170
5400,433,174
5401,433,143
5402,433,154
5403,433,141
5404,433,167
5405,433,190
5406,433,171
5408,433,197
5409,434,158
5410,434,172
5411,434,141
5412,434,184
5413,434,154
5414,434,190
5415,434,161
5416,434,151
5417,434,196
5418,434,180
5419,435,161
5420,435,149
5421,435,170
5422,435,143
5423,435,141
5424,435,154
5426,435,167
5427,435,174
5428,435,190
5429,435,171
5430,435,197
5431,436,161
5432,436,149
5433,436,170
5434,436,143
5435,436,141
5436,436,154
5438,436,167
5439,436,190
5440,436,171
5441,436,197
5442,437,167
5443,437,161
5444,437,149
5445,437,170
5446,437,143
5447,437,154
5448,437,182
5449,437,141
5450,437,190
5452,438,182
5453,438,154
5454,438,141
5455,438,143
5456,438,170
5457,438,149
5458,438,161
5459,438,167
5460,438,190
5462,439,161
5463,439,170
5464,439,149
5465,439,143
5466,439,141
5467,439,154
5468,439,182
5469,439,190
5470,439,167
5472,440,161
5473,440,170
5474,440,149
5475,440,143
5476,440,174
5477,440,141
5478,440,154
5479,440,190
5480,440,167
5482,440,171
5483,440,197
5484,441,161
5485,441,149
5486,441,170
5487,441,143
5488,441,141
5489,441,182
5490,441,154
5491,441,167
5492,441,190
5494,442,158
5495,442,154
5496,442,141
5497,442,190
5498,442,184
5499,442,143
5500,442,170
5501,442,149
5502,442,161
5504,443,158
5505,443,149
5506,443,141
5507,443,154
5508,443,190
5509,443,184
5510,443,180
5511,443,143
5512,443,170
5513,443,161
5514,444,158
5515,444,149
5516,444,141
5517,444,154
5518,444,184
5519,444,190
5520,444,143
5521,444,170
5522,444,161
5524,445,157
5525,445,153
5526,445,184
5527,445,187
5528,445,148
5529,445,151
5530,445,192
5531,445,179
5532,445,198
5533,445,141
5534,446,157
5535,446,151
5536,446,141
5537,446,186
5538,446,182
5539,446,176
5540,446,174
5541,446,192
5543,446,198
5544,447,158
5545,447,150
5546,447,141
5547,447,154
5548,447,180
5549,447,184
5550,447,143
5551,447,170
5552,447,191
5553,448,157
5554,448,161
5555,448,158
5556,448,172
5557,448,148
5558,448,187
5559,448,174
5560,448,184
5561,448,190
5562,448,153
5563,448,141
5564,448,151
5566,449,151
5567,449,141
5568,449,184
5569,449,180
5570,449,143
5571,449,187
5572,449,193
5573,449,185
5574,449,186
5575,449,192
5576,450,149
5577,450,141
5578,450,153
5579,450,192
5580,450,183
5581,450,176
5582,450,148
5583,450,161
5584,450,195
5585,450,179
5586,450,198
5587,451,141
5588,451,154
5589,451,190
5591,451,143
5592,451,170
5593,451,161
5594,451,167
5595,451,149
5597,452,161
5598,452,149
5599,452,142
5600,452,154
5601,452,182
5602,452,176
5603,452,193
5604,452,167
5605,452,190
5606,452,174
5607,452,180
5608,453,167
5609,453,151
5610,453,141
5611,453,143
5612,453,170
5613,453,184
5614,453,180
5615,453,154
5616,453,192
5617,454,154
5618,454,141
5620,454,190
5621,454,174
5622,454,161
5623,454,167
5624,454,149
5625,454,143
5626,454,170
5627,454,171
5628,454,197
5629,455,142
5630,455,154
5632,455,184
5633,455,177
5634,455,147
5635,455,151
5636,455,166
5637,455,197
5638,456,167
5639,456,161
5640,456,141
5641,456,154
5642,456,190
5643,456,182
5644,456,143
5645,456,170
5646,456,149
5648,457,161
5649,457,167
5650,457,141
5651,457,154
5652,457,190
5653,457,180
5654,457,182
5655,457,143
5656,457,170
5657,457,150
5658,458,158
5659,458,151
5660,458,141
5661,458,154
5662,458,190
5663,458,180
5664,458,172
5665,458,184
5666,458,161
5667,458,196
5668,459,161
5669,459,167
5671,459,154
5672,459,190
5673,459,182
5674,459,143
5675,459,170
5676,459,150
5678,460,158
5679,460,161
5681,460,154
5682,460,190
5683,460,180
5685,460,143
5686,460,170
5687,460,150
5688,461,167
5689,461,149
5690,461,141
5691,461,154
5692,461,190
5693,461,180
5694,461,182
5695,461,143
5696,461,170
5697,462,167
5698,462,161
5699,462,149
5700,462,141
5701,462,154
5702,462,190
5703,462,184
5704,462,143
5705,462,170
5707,463,161
5708,463,167
5709,463,149
5710,463,141
5711,463,154
5712,463,190
5713,463,184
5714,463,143
5715,463,170
5717,464,158
5718,464,161
5719,464,151
5720,464,141
5721,464,154
5722,464,190
5723,464,143
5724,464,170
5725,464,184
5727,465,161
5728,465,167
5729,465,141
5730,465,154
5731,465,190
5732,465,182
5733,465,143
5734,465,170
5735,465,150
5737,466,161
5738,466,167
5739,466,150
5740,466,141
5741,466,154
5742,466,190
5743,466,182
5744,466,143
5745,466,170
5747,467,161
5748,467,167
5749,467,141
5750,467,154
5751,467,190
5752,467,184
5753,467,143
5754,467,170
5755,467,149
5757,468,161
5758,468,167
5759,468,141
5760,468,154
5761,468,190
5762,468,180
5763,468,182
5764,468,143
5765,468,170
5766,468,150
5767,469,167
5768,469,161
5770,469,141
5771,469,154
5772,469,190
5773,469,180
5774,469,182
5775,469,143
5776,469,170
5787,471,161
5788,471,167
5789,471,150
5790,471,141
5791,471,154
5792,471,190
5793,471,184
5794,471,143
5795,471,170
5796,471,180
5797,472,167
5798,472,150
5799,472,141
5800,472,154
5801,472,184
5802,472,143
5803,472,170
5804,472,192
5805,472,180
5806,473,161
5807,473,158
5809,473,141
5810,473,154
5811,473,190
5816,473,143
5818,474,161
5819,474,167
5822,474,154
5823,474,190
5825,474,174
5826,474,170
5827,474,171
5828,474,197
5829,475,161
5830,475,167
5831,475,149
5832,475,141
5833,475,154
5834,475,190
5835,475,182
5836,475,143
5837,475,174
5838,475,170
5839,475,197
5854,477,142
5857,477,179
5858,477,183
5859,477,143
5860,477,170
5861,478,161
5862,478,167
5864,478,141
5865,478,154
5866,478,190
5868,478,143
5869,478,174
5870,478,170
5871,478,197
5872,479,161
5873,479,149
5874,479,154
5875,479,190
5878,479,143
5879,479,170
5891,481,157
5892,481,150
5893,481,142
5894,481,154
5895,481,184
5896,481,174
5897,481,192
5899,481,176
5900,481,161
5901,481,168
5903,482,161
5904,482,158
5905,482,150
5906,482,142
5907,482,154
5908,482,190
5909,482,183
5910,482,196
5911,482,172
5912,482,180
5913,483,161
5914,483,158
5917,483,154
5918,483,190
5920,483,196
5921,483,172
5922,483,180
5923,484,161
5924,484,167
5925,484,149
5926,484,141
5927,484,154
5928,484,190
5929,484,184
5930,484,143
5931,484,170
5933,485,141
5934,485,150
5935,485,154
5936,485,190
5938,485,143
5939,485,170
5940,485,158
5942,486,161
5945,486,154
5946,486,190
5947,486,180
5948,486,184
5949,486,196
5951,487,161
5954,487,154
5955,487,190
5956,487,180
5957,487,184
5958,487,196
5959,487,172
5960,488,161
5962,488,154
5965,488,190
5966,488,143
5967,488,174
5968,488,170
5969,488,197
5970,489,161
5971,489,159
5972,489,160
5973,489,150
5974,489,142
5975,489,154
5976,489,190
5977,489,184
5978,489,196
5979,489,172
5980,489,180
5981,490,161
5982,490,159
5983,490,160
5984,490,150
5985,490,142
5986,490,154
5987,490,190
5988,490,183
5989,490,196
5990,490,172
5991,490,180
5992,491,159
5993,491,161
5994,491,151
5995,491,141
5996,491,154
5997,491,180
5998,491,184
5999,491,190
6000,491,143
6001,491,169
6002,491,175
6003,492,161
6006,492,141
6007,492,154
6008,492,190
6010,492,174
6011,492,143
6013,493,161
6014,493,150
6015,493,141
6016,493,154
6017,493,190
6018,493,180
6019,493,182
6020,493,143
6021,493,170
6022,494,161
6023,494,149
6024,494,141
6025,494,180
6026,494,190
6027,494,143
6028,494,170
6029,494,154
6032,495,194
6033,495,151
6034,495,141
6035,495,154
6036,495,180
6037,495,192
6038,495,184
6039,495,143
6040,495,170
6041,496,161
6042,496,151
6043,496,154
6044,496,180
6045,496,141
6046,496,184
6047,496,190
6048,496,196
6049,496,172
6050,497,158
6051,497,150
6052,497,154
6053,497,142
6054,497,180
6055,497,190
6056,497,184
6059,498,167
6060,498,149
6061,498,141
6062,498,154
6063,498,192
6064,498,184
6065,498,143
6066,498,170
6067,498,180
6068,499,161
6070,499,154
6071,499,141
6072,499,180
6073,499,190
6074,499,184
6075,499,196
6076,499,172
6077,500,161
6079,500,180
6080,500,154
6081,500,141
6082,500,184
6083,500,190
6084,500,196
6086,501,167
6088,501,154
6089,501,180
6090,501,141
6091,501,182
6092,501,190
6093,501,143
6096,502,142
6097,502,154
6098,502,180
6101,502,190
6102,502,151
6103,502,161
6104,503,151
6105,503,158
6106,503,180
6107,503,154
6108,503,142
6109,503,184
6110,503,143
6112,503,191
6113,504,161
6114,504,158
6115,504,150
6116,504,141
6117,504,154
6118,504,180
6119,504,190
6120,504,182
6121,504,143
6122,504,170
6123,505,143
6124,505,190
6126,505,161
6127,505,170
6128,505,154
6129,505,180
6131,505,150
6132,506,143
6133,506,170
6134,506,190
6136,506,154
6137,506,180
6139,506,150
6140,506,161
6141,507,161
6142,507,154
6143,507,180
6147,507,143
6150,508,161
6151,508,149
6153,508,154
6156,508,190
6157,508,143
6158,508,170
6159,509,167
6160,509,150
6161,509,186
6162,509,180
6163,509,142
6164,509,184
6165,509,192
6166,509,143
6167,509,170
6168,510,161
6170,510,154
6171,510,180
6172,510,141
6173,510,182
6174,510,190
6175,510,143
6177,511,161
6178,511,151
6179,511,141
6180,511,154
6181,511,180
6182,511,190
6183,511,184
6184,511,196
6185,511,172
6186,512,161
6187,512,150
6188,512,154
6189,512,180
6190,512,142
6192,512,190
6193,512,196
6195,513,161
6196,513,154
6197,513,180
6198,513,141
6199,513,184
6200,513,190
6201,513,196
6202,513,172
6204,514,161
6205,514,180
6207,514,154
6208,514,142
6209,514,184
6210,514,172
6212,514,191
6223,516,161
6224,516,154
6225,516,180
6226,516,142
6227,516,184
6228,516,191
6229,516,143
6231,517,195
6232,517,159
6233,517,161
6234,517,140
6235,517,153
6236,517,179
6237,517,184
6238,517,191
6239,517,144
6240,517,145
6241,517,172
6242,517,147
6243,517,149
6244,518,161
6245,518,195
6246,518,149
6248,518,154
6249,518,180
6250,518,184
6251,518,191
6252,518,177
6253,518,174
6254,518,147
6255,518,173
6256,518,172
6258,519,161
6259,519,160
6261,519,154
6262,519,180
6263,519,191
6264,519,184
6265,519,177
6266,519,174
6267,519,147
6268,519,173
6269,519,172
6271,520,167
6272,520,161
6273,520,149
6274,520,141
6275,520,153
6276,520,197
6277,520,192
6278,520,184
6279,520,143
6280,520,170
6281,521,161
6282,521,162
6283,521,149
6285,521,154
6286,521,180
6287,521,191
6288,521,184
6289,521,174
6290,521,177
6291,521,172
6292,521,173
6293,522,167
6295,522,154
6296,522,180
6300,522,143
6302,523,141
6303,523,167
6304,523,161
6306,523,154
6307,523,180
6308,523,190
6310,523,143
6321,525,157
6322,525,150
6323,525,154
6324,525,180
6325,525,142
6328,525,143
6330,526,161
6331,526,154
6332,526,180
6333,526,141
6334,526,150
6335,526,190
6336,526,182
6337,526,143
6341,527,154
6342,527,180
6343,527,142
6344,527,184
6345,527,191
6346,527,143
6347,527,170
6348,528,161
6349,528,159
6350,528,151
6351,528,142
6352,528,154
6353,528,197
6354,528,191
6355,528,184
6356,528,196
6357,528,172
6358,529,161
6359,529,158
6360,529,149
6361,529,141
6362,529,180
6363,529,191
6364,529,184
6365,529,174
6366,529,172
6367,529,193
6368,529,196
6369,529,186
6370,530,161
6372,530,154
6373,530,180
6374,530,141
6375,530,184
6376,530,190
6377,530,196
6378,530,172
6379,531,161
6380,531,150
6381,531,154
6382,531,180
6384,531,141
6385,531,190
6386,531,143
6388,532,157
6389,532,150
6390,532,154
6391,532,180
6392,532,142
6393,532,184
6394,532,190
6395,532,143
6397,533,158
6398,533,150
6399,533,154
6400,533,180
6401,533,142
6402,533,184
6403,533,190
6404,533,196
6405,533,174
6406,533,172
6407,534,161
6408,534,154
6409,534,180
6412,534,143
6415,534,150
6416,535,161
6418,535,154
6419,535,180
6420,535,141
6421,535,184
6422,535,190
6423,535,196
6424,535,172
6425,536,161
6427,536,154
6428,536,180
6429,536,141
6430,536,184
6431,536,190
6432,536,196
6433,536,172
6434,537,157
6435,537,154
6436,537,180
6437,537,142
6438,537,190
6439,537,184
6440,537,143
6441,537,148
6442,537,150
6452,539,161
6453,539,150
6454,539,154
6455,539,180
6456,539,141
6458,539,190
6459,539,143
6461,540,161
6462,540,154
6463,540,180
6465,540,141
6466,540,184
6467,540,190
6468,540,196
6469,540,172
6470,541,157
6472,541,154
6473,541,180
6474,541,142
6475,541,184
6476,541,190
6479,542,161
6480,542,180
6481,542,154
6482,542,141
6483,542,184
6484,542,190
6485,542,196
6486,542,172
6488,543,158
6489,543,150
6490,543,154
6491,543,180
6492,543,141
6493,543,184
6494,543,190
6495,543,143
6497,544,161
6498,544,167
6499,544,154
6500,544,180
6501,544,150
6502,544,141
6503,544,190
6505,544,143
6507,545,161
6508,545,154
6509,545,180
6511,545,141
6512,545,184
6513,545,190
6514,545,196
6515,545,172
6516,544,182
6517,544,170
6518,545,158
6519,545,151
6520,542,158
6521,542,151
6522,540,157
6523,540,158
6524,540,151
6526,539,182
6527,539,170
6528,536,158
6529,536,151
6530,535,158
6531,535,151
6532,534,167
6533,534,141
6534,534,182
6535,534,190
6536,534,170
6537,530,158
6538,530,151
6539,541,158
6540,541,161
6541,541,151
6542,541,141
6543,536,157
6544,535,157
6546,531,182
6547,531,170
6548,526,167
6549,526,170
6550,523,149
6551,523,182
6552,523,170
6553,522,161
6554,522,149
6555,522,190
6556,522,182
6557,522,170
6558,513,157
6559,513,158
6560,513,151
6561,511,158
6562,510,167
6563,510,149
6564,510,170
6566,507,167
6567,507,149
6568,507,182
6569,507,190
6570,507,170
6571,506,157
6572,506,182
6573,505,157
6574,505,182
6575,501,161
6576,501,170
6577,500,158
6578,500,151
6579,500,172
6580,499,157
6581,499,158
6582,499,151
6583,496,157
6584,496,158
6585,494,182
6587,493,167
6588,492,167
6589,492,149
6590,492,170
6591,487,158
6592,487,151
6593,487,141
6594,487,157
6595,486,157
6596,486,158
6597,486,151
6598,486,141
6599,486,172
6600,488,167
6601,488,150
6602,488,171
6603,492,171
6604,485,182
6605,485,180
6606,483,157
6607,483,151
6608,483,141
6609,483,184
6610,478,149
6611,478,171
6612,474,149
6613,474,141
6614,474,143
6615,473,149
6616,473,180
6617,473,170
6619,469,150
6621,475,171
6623,459,180
6624,477,149
6625,477,158
6626,477,192
6627,477,154
6628,546,157
6629,546,158
6630,546,161
6631,546,150
6632,546,142
6633,546,154
6634,546,190
6635,546,180
6636,546,143
6637,546,172
6638,546,196
6639,546,148
6650,395,186
6651,465,180
6652,428,191
6653,439,180
6654,438,180
6655,437,180
6656,441,180
6657,442,180
6658,444,180
6659,451,184
6660,451,180
6661,456,180
6662,459,141
6663,460,184
6664,462,180
6665,463,180
6666,464,180
6667,466,180
6668,467,180
6671,473,183
6672,484,180
6673,494,158
6674,501,151
6675,501,158
6676,503,161
6677,506,141
6678,505,141
6679,507,141
6680,512,158
6681,516,158
6682,516,170
6683,522,141
6685,527,161
6686,527,158
6687,531,158
6688,539,158
6689,543,169
6690,543,170
6691,512,148
6692,512,172
6693,512,143
6694,512,184
6695,512,157
6696,537,158
6697,537,161
6698,537,196
6699,537,172
6700,532,158
6701,532,161
6702,532,196
6703,532,172
6704,532,148
6705,525,184
6706,525,190
6707,525,148
6708,546,184
6709,548,157
6710,548,161
6711,548,167
6712,548,151
6713,548,141
6714,548,186
6715,548,184
6716,548,190
6717,548,197
6718,548,144
6719,548,145
6720,548,148
6722,503,170
6723,516,151
6724,527,151
6725,460,141
6726,403,141
6727,497,161
6728,497,172
6729,497,196
6730,497,174
6731,412,142
6732,412,196
6733,533,161
6734,541,172
6735,541,196
6736,518,142
6737,502,184
6738,502,174
6739,502,177
6740,502,172
6741,502,173
6742,502,147
6743,514,173
6744,514,147
6745,514,174
6746,514,177
6747,514,151
6748,519,151
6749,519,142
6750,398,158
6751,398,172
6752,521,147
6753,521,142
6754,414,183
6757,436,174
6758,431,197
6760,474,182
6761,454,182
6762,440,182
6763,436,182
6764,435,182
6765,431,182
6766,433,182
6767,478,182
6768,488,183
6769,488,141
6770,492,182
6771,492,197
6772,389,174
6773,389,171
6774,389,143
6775,416,171
6777,508,197
6778,508,182
6779,508,142
6780,508,167
6781,479,167
6783,479,197
6784,479,182
6785,479,142
6786,388,179
6787,375,179
6788,376,179
6789,394,197
6790,446,197
6792,481,197
6793,391,154
6794,392,174
6795,392,172
6796,393,147
6797,377,147
6798,452,172
6799,452,147
6800,372,191
6801,448,180
6802,379,191
6803,455,191
6805,549,248
6806,549,251
6807,549,213
6808,549,225
6809,549,259
6810,549,235
6811,549,231
6812,549,202
6813,549,254
6814,549,245
6815,549,239
6816,550,202
6817,550,252
6818,550,223
6819,550,226
6820,550,259
6821,550,248
6822,550,255
6823,550,210
6824,550,235
6825,550,239
6826,551,210
6827,551,248
6828,551,207
6829,551,251
6830,551,213
6831,551,259
6832,551,235
6833,551,240
6834,551,254
6835,551,245
6836,552,208
6837,552,248
6838,552,259
6839,552,230
6840,552,231
6841,552,217
6842,552,226
6843,552,240
6844,552,227
6845,552,260
6846,552,223
6847,552,202
6848,552,245
6849,552,254
6850,553,215
6851,553,208
6852,553,227
6853,553,225
6854,553,231
6855,553,248
6856,553,259
6857,553,240
6858,553,260
6859,553,243
6860,553,245
6861,553,254
6862,554,208
6863,554,217
6864,554,223
6865,554,228
6866,554,232
6867,554,230
6868,554,259
6869,554,260
6870,554,241
6871,554,240
6872,554,254
6873,554,248
6874,554,206
6875,555,209
6876,555,248
6877,555,215
6878,555,218
6879,555,225
6880,555,230
6881,555,255
6882,555,259
6883,555,260
6884,555,223
6885,555,239
6886,555,233
6887,555,245
6888,555,202
6889,556,210
6890,556,248
6891,556,251
6892,556,213
6893,556,225
6894,556,235
6895,556,231
6896,556,259
6897,556,254
6898,556,245
6899,556,202
6900,556,239
6901,557,213
6902,557,210
6903,557,206
6904,557,207
6905,557,248
6906,557,259
6907,557,251
6908,557,235
6909,557,240
6910,557,254
6911,557,245
6912,558,202
6913,558,248
6914,558,223
6915,558,209
6916,558,226
6917,558,259
6918,558,252
6919,558,239
6920,558,235
6921,558,255
6922,559,210
6923,559,248
6924,559,251
6925,559,213
6926,559,232
6927,559,240
6928,559,202
6929,559,259
6930,559,254
6931,559,245
6932,560,208
6933,560,248
6934,560,232
6935,560,217
6936,560,257
6937,560,260
6938,560,230
6939,560,213
6940,560,240
6941,560,261
6942,560,245
6943,560,227
6944,561,210
6945,561,248
6946,561,251
6947,561,213
6948,561,215
6949,561,208
6950,561,225
6951,561,259
6952,561,239
6953,561,202
6954,561,231
6955,561,254
6956,561,245
6957,561,230
6958,562,208
6959,562,248
6960,562,217
6961,562,202
6962,562,230
6963,562,259
6964,562,227
6965,562,260
6966,562,231
6967,562,226
6968,562,223
6969,562,239
6970,562,261
6971,562,245
6972,563,251
6973,563,232
6974,563,215
6975,563,217
6976,563,208
6977,563,259
6978,563,240
6979,563,243
6980,563,254
6981,563,245
6982,563,248
6983,564,208
6984,564,248
6985,564,217
6986,564,230
6987,564,231
6988,564,259
6989,564,226
6990,564,240
6991,564,227
6992,564,260
6993,564,223
6994,564,202
6995,564,254
6996,564,245
6997,565,217
6998,565,208
6999,565,227
7000,565,231
7001,565,248
7002,565,259
7003,565,240
7004,565,260
7005,565,243
7006,565,245
7007,565,254
7008,566,208
7009,566,252
7010,566,217
7011,566,226
7012,566,257
7013,566,238
7014,566,223
7015,566,249
7016,566,261
7017,566,230
7018,566,227
7019,566,202
7020,567,209
7021,567,248
7022,567,252
7023,567,214
7024,567,228
7025,567,259
7026,567,238
7027,567,244
7028,567,255
7029,568,209
7030,568,232
7031,568,214
7032,568,255
7033,568,259
7034,568,224
7035,568,226
7036,568,239
7037,568,248
7038,568,217
7039,568,245
7040,568,252
7041,569,208
7042,569,248
7043,569,259
7044,569,225
7045,569,217
7046,569,232
7047,569,260
7048,569,222
7049,569,241
7050,569,206
7051,569,240
7052,569,254
7053,569,230
7054,569,228
7055,570,223
7056,570,209
7057,570,260
7058,570,255
7059,570,249
7060,570,259
7061,570,240
7062,570,202
7063,570,226
7064,571,208
7065,571,223
7066,571,226
7067,571,228
7068,571,230
7069,571,259
7070,571,232
7071,571,217
7072,571,260
7073,571,239
7074,571,261
7075,571,248
7076,571,206
7077,572,209
7078,572,232
7079,572,257
7080,572,260
7081,572,213
7082,572,249
7083,572,240
7084,572,245
7085,572,227
7086,572,261
7087,573,208
7088,573,202
7089,573,248
7090,573,214
7091,573,225
7092,573,255
7093,573,259
7094,573,238
7095,573,235
7096,573,260
7097,574,210
7098,574,203
7099,574,249
7100,574,207
7101,574,251
7102,574,213
7103,574,211
7104,574,259
7105,574,206
7106,574,238
7107,574,204
7108,574,254
7109,575,209
7110,575,249
7111,575,223
7112,575,226
7113,575,259
7114,575,230
7115,575,202
7116,575,252
7117,575,217
7118,575,238
7119,575,255
7120,576,217
7121,576,208
7122,576,249
7123,576,252
7124,576,206
7125,576,229
7126,576,238
7127,576,259
7128,576,233
7129,576,261
7130,576,214
7131,576,228
7132,577,203
7133,577,209
7134,577,247
7135,577,207
7136,577,213
7137,577,215
7138,577,224
7139,577,259
7140,577,260
7141,577,211
7142,577,206
7143,577,238
7144,577,255
7145,578,214
7146,578,217
7147,578,209
7148,578,206
7149,578,207
7150,578,228
7151,578,203
7152,578,211
7153,578,259
7154,578,247
7155,578,260
7156,578,238
7157,578,255
7158,579,208
7159,579,249
7160,579,214
7161,579,217
7162,579,228
7163,579,232
7164,579,259
7165,579,240
7166,579,230
7167,579,231
7168,579,254
7169,579,206
7170,579,229
7171,579,260
7172,580,208
7173,580,248
7174,580,228
7175,580,232
7176,580,259
7177,580,217
7178,580,260
7179,580,241
7180,580,226
7181,580,214
7182,580,230
7183,580,202
7184,580,206
7185,580,240
7186,580,254
7187,581,252
7188,581,214
7189,581,228
7190,581,259
7191,581,238
7192,581,217
7193,581,210
7194,581,244
7195,581,255
7196,581,248
7197,582,210
7198,582,248
7199,582,207
7200,582,206
7201,582,251
7202,582,213
7203,582,259
7204,582,238
7205,582,235
7206,582,203
7207,582,254
7208,583,203
7209,583,248
7210,583,223
7211,583,202
7212,583,230
7213,583,255
7214,583,259
7215,583,241
7216,583,217
7217,583,260
7218,583,210
7219,583,239
7220,583,233
7221,584,210
7222,584,203
7223,584,248
7224,584,207
7225,584,251
7226,584,213
7227,584,259
7228,584,202
7229,584,238
7230,584,217
7231,584,261
7232,585,249
7233,585,206
7234,585,252
7235,585,258
7236,585,232
7237,585,213
7238,585,238
7239,585,209
7240,585,255
7241,585,229
7242,586,202
7243,586,248
7244,586,252
7245,586,223
7246,586,208
7247,586,240
7248,586,259
7249,586,226
7250,586,255
7251,587,213
7252,587,210
7253,587,248
7254,587,251
7255,587,255
7256,587,239
7257,587,259
7258,587,202
7259,587,231
7260,587,225
7261,588,210
7262,588,202
7263,588,248
7264,588,251
7265,588,259
7266,588,214
7267,588,215
7268,588,217
7269,588,228
7270,588,225
7271,588,230
7272,588,240
7273,588,241
7274,588,254
7275,589,248
7276,589,210
7277,589,259
7278,589,234
7279,589,235
7280,589,260
7281,589,241
7282,589,202
7283,589,240
7284,589,255
7285,590,209
7286,590,252
7287,590,258
7288,590,230
7289,590,228
7290,590,217
7291,590,238
7292,590,214
7293,590,255
7294,590,249
7295,590,244
7296,591,210
7297,591,202
7298,591,248
7299,591,251
7300,591,213
7301,591,215
7302,591,225
7303,591,259
7304,591,238
7305,591,261
7306,591,231
7307,592,217
7308,592,208
7309,592,230
7310,592,202
7311,592,248
7312,592,238
7313,592,227
7314,592,223
7315,592,252
7316,592,226
7317,592,261
7318,592,258
7319,593,217
7320,593,228
7321,593,249
7322,593,259
7323,593,252
7324,593,208
7325,593,238
7326,593,202
7327,593,214
7328,593,261
7329,593,244
7330,594,217
7331,594,208
7332,594,226
7333,594,252
7334,594,259
7335,594,248
7336,594,238
7337,594,202
7338,594,223
7339,594,261
7340,594,227
7341,595,213
7342,595,210
7343,595,207
7344,595,259
7345,595,248
7346,595,203
7347,595,238
7348,595,204
7349,595,260
7350,595,223
7351,595,217
7352,595,261
7353,596,214
7354,596,209
7355,596,255
7356,596,259
7357,596,225
7358,596,239
7359,596,230
7360,596,232
7361,596,248
7362,596,217
7363,596,252
7364,597,217
7365,597,228
7366,597,248
7367,597,252
7368,597,259
7369,597,238
7370,597,214
7371,597,208
7372,597,244
7373,597,255
7374,598,210
7375,598,248
7376,598,255
7377,598,259
7378,598,234
7379,598,235
7380,598,241
7381,598,202
7382,598,260
7383,598,240
7384,599,210
7385,599,248
7386,599,255
7387,599,259
7388,599,234
7389,599,235
7390,599,260
7391,599,202
7392,599,241
7393,599,240
7394,600,209
7395,600,202
7396,600,252
7397,600,259
7398,600,249
7399,600,239
7400,600,223
7401,600,241
7402,600,255
7403,601,208
7404,601,206
7405,601,254
7406,601,249
7407,601,233
7408,601,260
7409,601,259
7410,601,242
7411,601,240
7412,602,217
7413,602,208
7414,602,202
7415,602,252
7416,602,249
7417,602,259
7418,602,229
7419,602,206
7420,602,238
7421,602,215
7422,602,223
7423,602,255
7424,602,233
7425,603,209
7426,603,225
7427,603,202
7428,603,248
7429,603,252
7430,603,259
7431,603,214
7432,603,238
7433,603,226
7434,603,255
7435,604,217
7436,604,208
7437,604,226
7438,604,202
7439,604,248
7440,604,252
7441,604,255
7442,604,238
7443,604,223
7444,604,257
7445,605,210
7446,605,202
7447,605,249
7448,605,259
7449,605,252
7450,605,226
7451,605,223
7452,605,217
7453,605,255
7454,605,239
7455,606,210
7456,606,202
7457,606,249
7458,606,252
7459,606,259
7460,606,226
7461,606,242
7462,606,255
7463,606,239
7464,607,210
7465,607,202
7466,607,249
7467,607,259
7468,607,252
7469,607,255
7470,607,226
7471,607,242
7472,607,239
7473,608,217
7474,608,208
7475,608,226
7476,608,202
7477,608,248
7478,608,252
7479,608,238
7480,608,230
7481,608,223
7482,608,227
7483,608,261
7484,608,257
7485,609,223
7486,609,217
7487,609,226
7488,609,202
7489,609,248
7490,609,257
7491,609,255
7492,609,252
7493,609,208
7494,609,238
7495,610,217
7496,610,208
7497,610,226
7498,610,230
7499,610,202
7500,610,252
7501,610,248
7502,610,223
7503,610,238
7504,610,227
7505,610,261
7506,610,257
7507,611,214
7508,611,228
7509,611,248
7510,611,259
7511,611,252
7512,611,238
7513,611,217
7514,611,210
7515,611,244
7516,611,255
7517,612,217
7518,612,208
7519,612,226
7520,612,202
7521,612,248
7522,612,252
7523,612,223
7524,612,230
7525,612,238
7526,612,227
7527,612,261
7528,612,257
7529,613,217
7530,613,208
7531,613,226
7532,613,202
7533,613,248
7534,613,252
7535,613,223
7536,613,238
7537,613,227
7538,613,261
7539,613,230
7540,613,257
7541,614,223
7542,614,217
7543,614,208
7544,614,226
7545,614,202
7546,614,252
7547,614,257
7548,614,248
7549,614,238
7550,614,255
7551,615,257
7552,615,252
7553,615,248
7554,615,202
7555,615,226
7556,615,208
7557,615,217
7558,615,223
7559,615,238
7560,615,255
7561,616,217
7562,616,226
7563,616,208
7564,616,202
7565,616,248
7566,616,252
7567,616,257
7568,616,238
7569,616,223
7570,616,255
7571,617,217
7572,617,226
7573,617,208
7574,617,202
7575,617,230
7576,617,248
7577,617,252
7578,617,238
7579,617,223
7580,617,227
7581,617,261
7582,617,257
7583,618,217
7584,618,208
7585,618,226
7586,618,202
7587,618,248
7588,618,257
7589,618,252
7590,618,223
7591,618,238
7592,618,255
7593,619,214
7594,619,252
7595,619,248
7596,619,238
7597,619,259
7598,619,202
7599,619,226
7600,619,208
7601,619,217
7602,619,255
7603,620,214
7604,620,208
7605,620,248
7606,620,252
7607,620,238
7608,620,259
7609,620,255
7610,620,202
7611,620,226
7612,620,217
7613,621,214
7614,621,208
7615,621,248
7616,621,252
7617,621,259
7618,621,238
7619,621,202
7620,621,226
7621,621,217
7622,621,255
7623,622,213
7624,622,251
7625,622,259
7626,622,235
7627,622,207
7628,622,210
7629,622,240
7630,622,254
7631,622,245
7632,622,248
7633,623,213
7634,623,210
7635,623,248
7636,623,260
7637,623,257
7638,623,232
7639,623,230
7640,623,240
7641,623,245
7642,623,261
7643,624,214
7644,624,209
7645,624,248
7646,624,252
7647,624,255
7648,624,259
7649,624,202
7650,624,226
7651,624,239
7652,625,213
7653,625,217
7654,625,214
7655,625,228
7656,625,207
7657,625,235
7658,625,230
7659,625,259
7660,625,238
7661,625,251
7662,625,248
7663,625,210
7664,625,255
7665,626,210
7666,626,248
7667,626,259
7668,626,255
7669,626,202
7670,626,235
7671,626,241
7672,626,234
7673,626,260
7674,626,240
7675,627,208
7676,627,248
7677,627,251
7678,627,240
7679,627,258
7680,627,232
7681,627,207
7682,627,217
7683,627,243
7684,627,254
7685,627,245
7686,628,248
7687,628,252
7688,628,238
7689,628,202
7690,628,226
7691,628,217
7692,628,223
7693,628,208
7694,628,259
7695,628,255
7696,629,217
7697,629,208
7698,629,249
7699,629,252
7700,629,257
7701,629,232
7702,629,241
7703,629,223
7704,629,238
7705,629,230
7706,629,255
7707,629,228
7708,629,206
7709,630,223
7710,630,210
7711,630,248
7712,630,202
7713,630,226
7714,630,259
7715,630,255
7716,630,252
7717,630,240
7718,631,252
7719,631,248
7720,631,238
7721,631,230
7722,631,217
7723,631,223
7724,631,208
7725,631,202
7726,631,226
7727,631,227
7728,631,261
7729,631,257
7730,632,249
7731,632,252
7732,632,259
7733,632,233
7734,632,206
7735,632,210
7736,632,222
7737,632,261
7738,632,239
7739,633,223
7740,633,217
7741,633,248
7742,633,252
7743,633,238
7744,633,257
7745,633,202
7746,633,226
7747,633,208
7748,633,255
7749,634,217
7750,634,223
7751,634,248
7752,634,252
7753,634,238
7754,634,255
7755,634,257
7756,634,202
7757,634,226
7758,634,209
7759,635,214
7760,635,210
7761,635,248
7762,635,252
7763,635,238
7764,635,255
7765,635,228
7766,635,259
7767,635,217
7768,635,244
7769,636,217
7770,636,223
7771,636,252
7772,636,238
7773,636,257
7774,636,202
7775,636,226
7776,636,209
7777,636,255
7778,636,248
7779,637,214
7780,637,217
7781,637,252
7782,637,238
7783,637,255
7784,637,202
7785,637,226
7786,637,209
7787,637,259
7788,637,248
7789,638,223
7790,638,208
7791,638,248
7792,638,252
7793,638,238
7794,638,255
7795,638,257
7796,638,202
7797,638,226
7798,639,223
7799,639,217
7800,639,208
7801,639,248
7802,639,252
7803,639,238
7804,639,259
7805,639,202
7806,639,226
7807,639,255
7808,640,217
7809,640,223
7810,640,208
7811,640,248
7812,640,252
7813,640,238
7814,640,259
7815,640,202
7816,640,226
7817,640,255
7818,641,214
7819,641,217
7820,641,210
7821,641,248
7822,641,252
7823,641,238
7824,641,202
7825,641,226
7826,641,259
7827,641,255
7828,642,217
7829,642,223
7830,642,248
7831,642,252
7832,642,238
7833,642,257
7834,642,202
7835,642,226
7836,642,209
7837,642,255
7838,643,217
7839,643,223
7840,643,209
7841,643,248
7842,643,252
7843,643,238
7844,643,257
7845,643,202
7846,643,226
7847,643,255
7848,644,217
7849,644,223
7850,644,248
7851,644,252
7852,644,238
7853,644,259
7854,644,202
7855,644,226
7856,644,208
7857,644,255
7858,645,217
7859,645,223
7860,645,248
7861,645,252
7862,645,238
7863,645,255
7864,645,257
7865,645,202
7866,645,226
7867,645,209
7868,646,223
7869,646,217
7870,646,248
7871,646,252
7872,646,238
7873,646,255
7874,646,257
7875,646,202
7876,646,226
7877,646,209
7878,647,217
7879,647,223
7880,647,209
7881,647,248
7882,647,252
7883,647,238
7884,647,259
7885,647,202
7886,647,226
7887,647,255
7888,648,223
7889,648,209
7890,648,248
7891,648,252
7892,648,259
7893,648,202
7894,648,226
7895,648,240
7896,648,255
7897,649,217
7898,649,214
7899,649,248
7900,649,252
7901,649,238
7902,649,202
7903,649,208
7904,649,255
7905,649,226
7906,649,258
7907,650,217
7908,650,223
7909,650,252
7910,650,238
7911,650,230
7912,650,226
7913,650,227
7914,650,261
7915,650,208
7916,650,248
7917,650,202
7918,650,257
7919,651,217
7920,651,223
7921,651,208
7922,651,248
7923,651,252
7924,651,238
7925,651,257
7926,651,202
7927,651,230
7928,651,226
7929,651,261
7930,651,227
7931,652,249
7932,652,254
7933,652,258
7934,652,202
7935,652,226
7936,652,208
7937,652,214
7938,652,240
7939,652,252
7940,653,217
7941,653,223
7942,653,248
7943,653,252
7944,653,238
7945,653,202
7946,653,230
7947,653,226
7948,653,261
7949,653,208
7950,653,227
7951,653,257
7952,654,217
7953,654,208
7954,654,252
7955,654,238
7956,654,202
7957,654,226
7958,654,223
7959,654,261
7960,654,257
7961,654,249
7962,655,213
7963,655,209
7964,655,249
7965,655,252
7966,655,259
7967,655,230
7968,655,240
7969,655,232
7970,655,217
7971,655,224
7972,655,261
7973,656,217
7974,656,214
7975,656,209
7976,656,249
7977,656,252
7978,656,238
7979,656,258
7980,656,244
7981,656,228
7982,656,255
7983,657,217
7984,657,214
7985,657,252
7986,657,238
7987,657,244
7988,657,228
7989,657,255
7990,657,213
7991,657,210
7992,657,248
7993,657,259
7994,658,217
7995,658,223
7996,658,208
7997,658,248
7998,658,252
7999,658,238
8000,658,259
8001,658,202
8002,658,226
8003,658,255
8004,659,248
8005,659,209
8006,659,252
8007,659,238
8008,659,202
8009,659,226
8010,659,214
8011,659,257
8012,659,255
8013,660,217
8014,660,252
8015,660,238
8016,660,255
8017,660,259
8018,660,244
8019,660,213
8020,660,214
8021,660,210
8022,660,248
8023,660,228
8024,661,217
8025,661,252
8026,661,238
8027,661,255
8028,661,259
8029,661,244
8030,661,228
8031,661,214
8032,661,210
8033,661,248
8034,661,213
8035,662,217
8036,662,252
8037,662,238
8038,662,202
8039,662,230
8040,662,226
8041,662,261
8042,662,223
8043,662,209
8044,662,227
8045,662,258
8046,662,248
8047,663,217
8048,663,215
8049,663,216
8050,663,209
8051,663,249
8052,663,252
8053,663,238
8054,663,259
8055,663,244
8056,663,228
8057,663,255
8058,664,217
8059,664,215
8060,664,216
8061,664,209
8062,664,249
8063,664,252
8064,664,238
8065,664,258
8066,664,244
8067,664,228
8068,664,255
8069,665,215
8070,665,217
8071,665,210
8072,665,248
8073,665,252
8074,665,255
8075,665,259
8076,665,238
8077,665,202
8078,665,225
8079,665,231
8080,666,217
8081,666,248
8082,666,252
8083,666,238
8084,666,230
8085,666,202
8086,666,223
8087,666,208
8088,666,226
8089,666,227
8090,666,257
8091,666,261
8092,667,217
8093,667,209
8094,667,248
8095,667,252
8096,667,238
8097,667,255
8098,667,257
8099,667,202
8100,667,226
8101,667,223
8102,668,217
8103,668,208
8104,668,248
8105,668,255
8106,668,238
8107,668,202
8108,668,226
8109,668,252
8110,668,257
8111,668,214
8112,669,242
8113,669,210
8114,669,248
8115,669,252
8116,669,255
8117,669,240
8118,669,259
8119,669,202
8120,669,226
8121,670,217
8122,670,210
8123,670,252
8124,670,255
8125,670,248
8126,670,259
8127,670,238
8128,670,244
8129,670,228
8130,670,213
8131,670,214
8132,671,214
8133,671,209
8134,671,252
8135,671,249
8136,671,255
8137,671,238
8138,671,259
8139,671,217
8140,671,228
8141,671,244
8142,671,230
8143,672,223
8144,672,208
8145,672,248
8146,672,252
8147,672,240
8148,672,259
8149,672,202
8150,672,226
8151,672,255
8152,673,217
8153,673,252
8154,673,248
8155,673,255
8156,673,238
8157,673,259
8158,673,244
8159,673,228
8160,673,213
8161,673,214
8162,673,210
8163,674,217
8164,674,255
8165,674,252
8166,674,248
8167,674,259
8168,674,238
8169,674,244
8170,674,214
8171,674,210
8172,674,228
8173,675,223
8174,675,252
8175,675,255
8176,675,248
8177,675,257
8178,675,238
8179,675,202
8180,675,217
8181,675,226
8182,675,210
8183,675,214
8184,676,249
8185,676,252
8186,676,255
8187,676,238
8188,676,210
8189,676,217
8190,676,259
8191,676,230
8192,676,233
8193,676,228
8194,676,229
8195,676,206
8196,677,210
8197,677,214
8198,677,255
8199,677,252
8200,677,249
8201,677,259
8202,677,202
8203,677,239
8204,677,217
8205,677,226
8206,678,217
8207,678,214
8208,678,209
8209,678,248
8210,678,252
8211,678,255
8212,678,238
8213,678,257
8214,678,202
8215,678,226
8216,679,202
8217,679,238
8218,679,217
8219,679,226
8220,679,252
8221,679,255
8222,679,209
8223,679,213
8224,679,257
8225,679,248
8226,680,202
8227,680,226
8228,680,238
8229,680,252
8230,680,255
8231,680,209
8232,680,217
8233,680,213
8234,680,257
8235,680,248
8236,681,217
8237,681,252
8238,681,255
8239,681,202
8240,681,223
8241,681,208
8242,681,257
8243,681,238
8244,681,226
8245,681,248
8246,682,217
8247,682,208
8248,682,252
8249,682,238
8250,682,202
8251,682,226
8252,682,261
8253,682,257
8254,682,249
8255,682,223
8256,683,217
8257,683,252
8258,683,255
8259,683,248
8260,683,257
8261,683,238
8262,683,202
8263,683,223
8264,683,208
8265,683,226
8266,684,217
8267,684,210
8268,684,248
8269,684,252
8270,684,255
8271,684,238
8272,684,259
8273,684,244
8274,684,228
8275,684,214
8276,685,217
8277,685,209
8278,685,252
8279,685,255
8280,685,249
8281,685,238
8282,685,244
8283,685,214
8284,685,207
8285,685,228
8286,685,202
8287,685,259
8288,685,213
8289,686,217
8290,686,252
8291,686,255
8292,686,248
8293,686,259
8294,686,238
8295,686,244
8296,686,228
8297,686,213
8298,686,214
8299,686,210
8300,687,217
8301,687,255
8302,687,252
8303,687,249
8304,687,259
8305,687,228
8306,687,239
8307,687,229
8308,687,206
8309,687,230
8310,687,233
8311,687,210
8312,688,217
8313,688,252
8314,688,255
8315,688,249
8316,688,259
8317,688,239
8318,688,202
8319,688,214
8320,688,226
8321,688,210
8322,689,243
8323,689,215
8324,689,217
8325,689,247
8326,689,251
8327,689,254
8328,689,259
8329,689,239
8330,689,203
8331,689,204
8332,689,228
8333,689,206
8334,689,208
8335,690,217
8336,690,243
8337,690,208
8338,690,252
8339,690,255
8340,690,259
8341,690,239
8342,690,233
8343,690,230
8344,690,206
8345,690,229
8346,690,228
8347,690,249
8348,691,217
8349,691,216
8350,691,252
8351,691,255
8352,691,239
8353,691,259
8354,691,233
8355,691,230
8356,691,206
8357,691,229
8358,691,228
8359,691,210
8360,691,249
8361,692,223
8362,692,217
8363,692,208
8364,692,248
8365,692,251
8366,692,261
8367,692,240
8368,692,259
8369,692,202
8370,692,226
8371,693,217
8372,693,218
8373,693,208
8374,693,252
8375,693,255
8376,693,239
8377,693,259
8378,693,230
8379,693,233
8380,693,228
8381,693,229
8382,693,206
8383,693,249
8384,694,223
8385,694,252
8386,694,255
8387,694,202
8388,694,217
8389,694,208
8390,694,238
8391,694,257
8392,694,226
8393,694,248
8394,695,248
8395,695,223
8396,695,217
8397,695,252
8398,695,255
8399,695,238
8400,695,202
8401,695,208
8402,695,257
8403,695,226
8404,696,213
8405,696,209
8406,696,252
8407,696,255
8408,696,249
8409,696,202
8410,696,259
8411,696,238
8412,696,207
8413,697,217
8414,697,252
8415,697,255
8416,697,248
8417,697,209
8418,697,238
8419,697,257
8420,697,202
8421,697,223
8422,697,226
8423,698,252
8424,698,255
8425,698,249
8426,698,259
8427,698,239
8428,698,202
8429,698,226
8430,698,217
8431,698,214
8432,698,210
8433,699,217
8434,699,215
8435,699,210
8436,699,249
8437,699,252
8438,699,261
8439,699,239
8440,699,259
8441,699,244
8442,699,228
8443,700,217
8444,700,214
8445,700,208
8446,700,248
8447,700,255
8448,700,239
8449,700,259
8450,700,230
8451,700,228
8452,700,241
8453,700,244
8454,700,260
8455,701,217
8456,701,252
8457,701,255
8458,701,248
8459,701,259
8460,701,238
8461,701,244
8462,701,228
8463,701,214
8464,701,210
8465,702,217
8466,702,209
8467,702,252
8468,702,255
8469,702,248
8470,702,238
8471,702,202
8472,702,257
8473,702,226
8474,702,214
8475,703,213
8476,703,209
8477,703,252
8478,703,255
8479,703,249
8480,703,259
8481,703,238
8482,703,202
8483,703,214
8484,703,217
8485,703,244
8486,703,228
8487,703,207
8488,704,214
8489,704,209
8490,704,252
8491,704,255
8492,704,249
8493,704,259
8494,704,238
8495,704,244
8496,704,230
8497,704,228
8498,704,217
8499,705,217
8500,705,252
8501,705,255
8502,705,202
8503,705,209
8504,705,223
8505,705,248
8506,705,257
8507,705,238
8508,705,226
8509,706,217
8510,706,252
8511,706,255
8512,706,248
8513,706,259
8514,706,238
8515,706,244
8516,706,228
8517,706,214
8518,706,210
8519,706,213
8520,707,217
8521,707,252
8522,707,255
8523,707,248
8524,707,259
8525,707,238
8526,707,244
8527,707,228
8528,707,214
8529,707,210
8530,707,213
8531,708,213
8532,708,252
8533,708,255
8534,708,249
8535,708,238
8536,708,259
8537,708,202
8538,708,207
8539,708,209
8540,708,214
8541,708,217
8542,708,244
8543,708,228
8544,709,217
8545,709,209
8546,709,252
8547,709,255
8548,709,248
8549,709,238
8550,709,202
8551,709,257
8552,709,226
8553,709,214
8554,710,217
8555,710,252
8556,710,255
8557,710,248
8558,710,259
8559,710,238
8560,710,244
8561,710,228
8562,710,213
8563,710,214
8564,710,210
8565,711,213
8566,711,252
8567,711,255
8568,711,249
8569,711,259
8570,711,238
8571,711,214
8572,711,217
8573,711,210
8574,711,248
8575,711,228
8576,711,244
8577,712,217
8578,712,255
8579,712,252
8580,712,248
8581,712,259
8582,712,238
8583,712,244
8584,712,228
8585,712,214
8586,712,210
8587,713,214
8588,713,209
8589,713,252
8590,713,255
8591,713,248
8592,713,259
8593,713,238
8594,713,202
8595,713,225
8596,713,226
8597,714,217
8598,714,223
8599,714,252
8600,714,255
8601,714,209
8602,714,248
8603,714,238
8604,714,202
8605,714,257
8606,714,226
8607,715,217
8608,715,252
8609,715,255
8610,715,248
8611,715,259
8612,715,238
8613,715,244
8614,715,228
8615,715,214
8616,715,210
8617,716,213
8618,716,214
8619,716,217
8620,716,209
8621,716,249
8622,716,252
8623,716,238
8624,716,255
8625,716,202
8626,716,228
8627,716,244
8628,716,207
8629,716,259
8630,717,213
8631,717,217
8632,717,223
8633,717,210
8634,717,248
8635,717,260
8636,717,259
8637,717,238
8638,717,261
8639,717,203
8640,717,204
8641,717,207
8642,549,210
